task,feature,gain
symptomatic_non_covid_vs_covid,"K.[304.207](M,15.995)DDAVAPGR.E",2.2788126468658447
symptomatic_non_covid_vs_covid,"R.[304.207]TPEVT(C,57.021)VVVDVSHEDPEVQFN(W,199.789)YVDG.V",2.1518795490264893
symptomatic_non_covid_vs_covid,"K.[304.207]AATGE(C,57.021)TATVG(K,304.207)R.S",2.1118881702423096
symptomatic_non_covid_vs_covid,"K.[304.207]ESDW(L,51.995)GQSMFT(C,57.021)R.V",1.4308010339736938
symptomatic_non_covid_vs_covid,"K.[246.143]VTSIQDWVQ(K,304.207).T",1.292162299156189
symptomatic_non_covid_vs_covid,"K.[304.207](Y,265.169)TYETTLE(K,304.207).C",1.2411812543869019
symptomatic_non_covid_vs_covid,"K.[304.207]QEINSHVE(M,15.998)QT(K,304.207).G",1.2040643692016602
symptomatic_non_covid_vs_covid,"K.[304.207]ADD(K,304.207)ET(C,57.021)FAEEG(K,246.146)(K,304.207).L",1.1889315843582153
symptomatic_non_covid_vs_covid,"Y.[304.207](G,28.969)SEAFATDFQDSAAA(K,304.207).K",1.1546062231063843
symptomatic_non_covid_vs_covid,"R.[304.207]FSGSILGN(K,304.207).A",1.142293930053711
symptomatic_non_covid_vs_covid,"K.[304.207](T,-13.036)(C,57.021)VADESAEN(C,57.021)D(K,304.207).S",1.0010837316513062
symptomatic_non_covid_vs_covid,"-.[304.207](V,42.011)QPYLDDFQ(K,304.207)(K,304.207).W",0.9859516620635986
symptomatic_non_covid_vs_covid,"R.[304.207](E,-57.063)TYGEMAD(C,57.021)(C,57.021)A(K,304.207).Q",0.9458940625190735
symptomatic_non_covid_vs_covid,"R.{43.014}[304.207]F(K,304.207)DLGEENF(K,304.207).A",0.9216086864471436
symptomatic_non_covid_vs_covid,"R.[304.207]LHDNQNGWSGDSAPVE(L,18.025)ILSDETLPAPEFSPEPESGR.A",0.875032901763916
symptomatic_non_covid_vs_covid,"R.{291.173}[304.207]ILGGHLDA(K,304.207).G",0.8703179955482483
symptomatic_non_covid_vs_covid,"C.[304.207](C,18.03)AAADPHE(C,57.021)YA(K,304.207).V",0.8537317514419556
symptomatic_non_covid_vs_covid,"H.[304.207](T,11.907)E(C,57.021)(C,57.021)HGDLLE(C,57.021)ADDRADLA(K,304.207).Y",0.8343080878257751
symptomatic_non_covid_vs_covid,"C.[304.207]L(P,29.617)S(K,304.207)DYAEVGR.V",0.8193938732147217
symptomatic_non_covid_vs_covid,"K.[304.207](S,143.085)LHTLFGD(K,304.207).L",0.7572420835494995
symptomatic_non_covid_vs_covid,"K.[304.207]SLHTLFGD(K,332.213)L(C,57.021)TVA.T",0.7535669803619385
symptomatic_non_covid_vs_covid,"K.{311.984}[304.207]YI(C,57.021)ENQDSI.S",0.7492173314094543
symptomatic_non_covid_vs_covid,"K.[304.207]AVGD(K,304.207)LPE(C,73.027)EAV(C,57.021)G(K,304.207).P",0.7308669090270996
symptomatic_non_covid_vs_covid,"A.[186.068]DD(K,304.207)ET(C,57.021)FAEEG(K,304.207).K",0.7148194313049316
symptomatic_non_covid_vs_covid,"R.[304.207]TIT(K,304.207)LSFV(K,304.207)VDSHFR.Q",0.691682755947113
symptomatic_non_covid_vs_covid,"S.[301.140]GNDVTDIADDG(C,57.021)P(K,304.207)PPEIAHGYVEHSVR.Y",0.6694126129150391
symptomatic_non_covid_vs_covid,"R.[304.207](Q,-48.618)(K,304.207)LHELQE(K,304.207).L",0.6506790518760681
symptomatic_non_covid_vs_covid,"K.[304.207](P,238.418)(K,304.207)DTLMISR.T",0.6350405812263489
symptomatic_non_covid_vs_covid,"A.[304.207]VDSGNDVTDIADDG(C,57.021)P(K,304.207)PPEIAHGYVEHSVR.Y",0.6071263551712036
symptomatic_non_covid_vs_covid,"R.[304.207]ETYGEMAD(C,57.021)(C,57.021)A(K,361.236).Q",0.6047875881195068
symptomatic_non_covid_vs_covid,"K.[304.207](C,85.056)(C,57.021)TESLVNR.R",0.5973578095436096
symptomatic_non_covid_vs_covid,"R.[304.207]V(T,-44.019)ISVDTS(K,304.207).N",0.55631023645401
symptomatic_non_covid_vs_covid,"K.{42.992}[304.207]TYETTLE(K,304.207).C",0.5499822497367859
symptomatic_non_covid_vs_covid,"R.[304.207]E(C,57.021)ELP(K,304.207)IDVHLVPDR.K",0.54383784532547
symptomatic_non_covid_vs_covid,"K.[304.207]LHVAGNL(K,304.207).G",0.5382313132286072
symptomatic_non_covid_vs_covid,"V.[304.207](M,-20.053)DDFAAFVE(K,304.207).C",0.513920247554779
symptomatic_non_covid_vs_covid,"K.[304.207]ALGHLDLSGNR(L,35.022)R.K",0.49771612882614136
symptomatic_non_covid_vs_covid,"M.[219.110]QLVQSGPEV(K,304.207).K",0.47979459166526794
symptomatic_non_covid_vs_covid,"K.[304.207]DSTYSLSSTLTLS(K,304.207).A",0.4652744233608246
symptomatic_non_covid_vs_covid,"S.[187.058]DVMYTDW(K,304.207).K",0.46028414368629456
symptomatic_non_covid_vs_covid,"K.[304.207]GTEAAGAMFLEA(I,318.188)PMSIPPEV(K,304.207).F",0.4497680068016052
symptomatic_non_covid_vs_covid,"V.[199.090]MPI(C,57.021)LPS(K,304.207)DYAEVGR.V",0.4389846920967102
symptomatic_non_covid_vs_covid,"R.[304.207](F,-57.06)(K,304.207)DLGEENF(K,304.207).A",0.43609291315078735
symptomatic_non_covid_vs_covid,"K.[304.207](V,-44.05)TVLGQP(K,304.207).A",0.4349702000617981
symptomatic_non_covid_vs_covid,"K.[304.207]SPVGVQPILNEHTF(C,57.021)AGMS(K,304.207).Y",0.43228772282600403
symptomatic_non_covid_vs_covid,"K.[304.207]SLEDLQLTHN(K,304.207).I",0.42382290959358215
symptomatic_non_covid_vs_covid,"K.[304.207](Y,116.074)LYETTLE(K,304.207).C",0.4232345521450043
symptomatic_non_covid_vs_covid,K.{21.982}[304.207]VSVFVPPR.D,0.40950438380241394
symptomatic_non_covid_vs_covid,"K.[304.207]AVGD(K,304.207)LP(E,-58.062)(C,57.021)EAV(C,57.021)G(K,304.207)P(K,304.207).N",0.4002442955970764
symptomatic_non_covid_vs_covid,"R.[304.207]TLIY(S,-30.011)TNTR.S",0.3969607353210449
symptomatic_non_covid_vs_covid,"C.[304.207](N,-43.121)VDH(K,304.207)PSNT(K,304.207).V",0.3685849606990814
symptomatic_non_covid_vs_covid,"K.[304.207](K,190.048)QTALVELV(K,304.207).H",0.36453548073768616
symptomatic_non_covid_vs_covid,"R.[304.207](I,162.049)LGGHLDA(K,304.207).G",0.363311767578125
symptomatic_non_covid_vs_covid,"K.{42.988}[304.207]E(C,57.021)(C,57.021)E(K,304.207)PLLE(K,304.207).S",0.35740017890930176
symptomatic_non_covid_vs_covid,"K.[304.207](V,290.171)DNALQSGNSQESVTEQDS(K,304.207).D",0.3572887182235718
symptomatic_non_covid_vs_covid,"K.[304.207]DLLF(K,304.207)DSAHGFL(K,304.207).V",0.34489357471466064
symptomatic_non_covid_vs_covid,"K.{10.033}[304.207]FNWYVDGVEVHNA(K,304.207).T",0.341640442609787
symptomatic_non_covid_vs_covid,"K.[304.207]SLHTLFGD(K,330.707)L(C,57.021)TVA.T",0.3350023925304413
symptomatic_non_covid_vs_covid,"K.[304.207]AAFTE(C,57.021)(C,57.021)(Q,29.066)AAD(K,304.207).A",0.33400657773017883
symptomatic_non_covid_vs_covid,"D.[304.207](K,342.159)LPE(C,57.021)EAV(C,57.021)G(K,304.207)P(K,304.207).N",0.3336102366447449
symptomatic_non_covid_vs_covid,"K.[304.207]SLHTLFGD(K,304.207)L(C,57.021)TVATLRETYG.E",0.33307740092277527
symptomatic_non_covid_vs_covid,"R.[304.207]WT(P,30.14)YQG(C,57.021)EAL(C,57.021)(C,57.021)PEP(K,304.207).L",0.32408851385116577
symptomatic_non_covid_vs_covid,"N.[304.207]RF(S,10.022)GVPDR.F",0.3195658326148987
symptomatic_non_covid_vs_covid,"R.[304.207]TLLETLQ(K,304.207).A",0.3097688853740692
symptomatic_non_covid_vs_covid,"K.[304.207]S(C,57.021)AVAEYGV(Y,301.063)V(K,304.207).V",0.3083679974079132
symptomatic_non_covid_vs_covid,"K.[304.207](V,291.175)TSIQDWVQ(K,304.207).T",0.3032732903957367
symptomatic_non_covid_vs_covid,"L.[304.207](K,247.104)E(C,57.021)(C,57.021)E(K,304.207)PLLE(K,304.207).S",0.2996692657470703
symptomatic_non_covid_vs_covid,"K.[304.207]GYNYSY(K,304.207).V",0.2914082407951355
symptomatic_non_covid_vs_covid,"G.[304.207]V(N,0.987)DNEEGFF.S",0.2835565209388733
symptomatic_non_covid_vs_covid,"K.[304.207]DV(M,37.972)QGTDEHVV(C,57.021)(K,304.207).V",0.28064244985580444
symptomatic_non_covid_vs_covid,R.{185.196}[304.207]NFPPSQDASGDLYTTSS.Q,0.2684934437274933
symptomatic_non_covid_vs_covid,"K.{42.996}[304.207]VHTE(C,57.021)(C,57.021)HGDLLE(C,57.021)ADDRADLA(K,304.207).Y",0.2515166997909546
symptomatic_non_covid_vs_covid,"R.[304.207]V(K,304.207)NYVDWI(M,16.003)(K,304.207).T",0.2404978722333908
symptomatic_non_covid_vs_covid,"I.[304.207](R,-99.074)HYEGSTVPE(K,304.207)(K,304.207).T",0.2310093641281128
symptomatic_non_covid_vs_covid,"K.[304.207](S,144.078)LHTLFGD(K,304.207).L",0.2275742143392563
symptomatic_non_covid_vs_covid,"K.[304.207]SVIPSDGPSVA(C,305.072)V(K,304.207)(K,304.207).A",0.2166142612695694
symptomatic_non_covid_vs_covid,"F.[304.207](T,56.975)E(C,57.021)(C,57.021)QAAD(K,304.207).A",0.21294842660427094
symptomatic_non_covid_vs_covid,"I.[304.207](L,-48.056)GGHLDA(K,304.207).G",0.20947682857513428
symptomatic_non_covid_vs_covid,"D.[214.099]VQAGA(C,57.021)EG(K,304.207).L",0.20574823021888733
symptomatic_non_covid_vs_covid,"Q.[304.207](H,25.905)PFTVEEFVLP(K,304.207).F",0.20032115280628204
symptomatic_non_covid_vs_covid,"T.[304.207]LQSGV(P,-10.019)SR.F",0.19520550966262817
symptomatic_non_covid_vs_covid,"C.[304.207](C,23.765)TESLVNR.R",0.19194290041923523
symptomatic_non_covid_vs_covid,-.DEPPQSPWDR.-,0.1843462735414505
symptomatic_non_covid_vs_covid,"K.[304.207]QEPERNE(C,57.021)FLQH(K,205.188)D.D",0.17457829415798187
symptomatic_non_covid_vs_covid,"M.[189.049]GLAFEST(K,304.207).S",0.17144960165023804
symptomatic_non_covid_vs_covid,"K.[304.207](C,305.077)(C,57.021)VE(C,57.021)PP(C,57.021)PAPPVAGPSVFLFPP(K,304.207)P(K,304.207).D",0.16351088881492615
symptomatic_non_covid_vs_covid,"K.[304.207](V,167.516)SVNERVMPI(C,57.021)LPS(K,304.207)DYAEVGR.V",0.15803468227386475
symptomatic_non_covid_vs_covid,"V.[304.207]LV(R,-77.08)WLQGSQELPR.E",0.15778614580631256
symptomatic_non_covid_vs_covid,R.[304.207]AFQPFFVEL.T,0.15676097571849823
symptomatic_non_covid_vs_covid,"R.[304.207]VTISVD(T,-3.994)S(K,304.207).N",0.15428458154201508
symptomatic_non_covid_vs_covid,"K.[304.207](Y,-14.944)RSQHLDNFSNQIG(K,304.207).H",0.15070286393165588
symptomatic_non_covid_vs_covid,"K.[304.207](S,247.149)LHTLFGD(K,304.207).L",0.149384543299675
symptomatic_non_covid_vs_covid,"K.[304.207]QGHFY(G,304.217)ETAAVYVAVEER.K",0.14783364534378052
symptomatic_non_covid_vs_covid,"S.[304.207]H(I,15.681)ANILNSEELDIQDL(K,304.207)(K,304.207).L",0.14737308025360107
symptomatic_non_covid_vs_covid,K.{163.175}[304.207]AVMDDFAAFVE.K,0.1463649570941925
symptomatic_non_covid_vs_covid,"R.[304.207]WGAAPY(R,-28.041)GR.P",0.14582565426826477
symptomatic_non_covid_vs_covid,"-.[304.207](S,42.011)PVGVQPILNEHTF(C,57.021)AGMS(K,304.207).Y",0.14528411626815796
symptomatic_non_covid_vs_covid,"K.[304.207]DSAHGFL(K,277.144)VPPRMDA(K,304.207).M",0.1399994194507599
symptomatic_non_covid_vs_covid,"K.[304.207]DLLFRDDTV(C,57.021)LA(K,304.207).L",0.13687002658843994
symptomatic_non_covid_vs_covid,"-.[304.207](Y,43.006)LGEEYV(K,304.207).A",0.1354113668203354
symptomatic_non_covid_vs_covid,"K.[304.207](V,14.025)YA(C,57.021)EVTH.Q",0.13538603484630585
symptomatic_non_covid_vs_covid,"K.[304.207]YAATSQVLLPS(K,304.207)DVMQ(G,30.996)TDEHVV(C,57.021)(K,304.207).V",0.1346823126077652
symptomatic_non_covid_vs_covid,"K.[304.207]SPVGVQPILNEHTF(C,57.021)AG(M,36.87)S(K,304.207).Y",0.131638303399086
symptomatic_non_covid_vs_covid,A.[304.207]NFMLTQPH.S,0.13062389194965363
symptomatic_non_covid_vs_covid,"K.[304.207]QTALVELV(K,229.166).H",0.12961970269680023
symptomatic_non_covid_vs_covid,"-.[304.207](T,43.006)(C,57.021)VADESAEN(C,57.021)D(K,304.207).S",0.12591110169887543
symptomatic_non_covid_vs_covid,"R.{60.155}[304.207]ASQSVSSNLAWYQQ(K,304.207)PGQAPR.L",0.12530633807182312
symptomatic_non_covid_vs_covid,"T.[304.207](Y,-60.135)GEMAD(C,57.021)(C,57.021)A(K,304.207).Q",0.1251281499862671
symptomatic_non_covid_vs_covid,"R.[304.207]NE(C,57.021)FLQ(H,-58.093)(K,304.207)DDNPNLPR.L",0.12476088106632233
symptomatic_non_covid_vs_covid,"K.[304.207]LVD(K,304.207)FLED(V,272.169)(K,304.207).K",0.12371645867824554
symptomatic_non_covid_vs_covid,"A.[304.207]VDSGNDVTDIADDG(C,57.021)(P,42.997)(K,304.207)PPEIAHGYVEHSVR.Y",0.12245997786521912
symptomatic_non_covid_vs_covid,"R.[304.207]DLEGTYL(C,57.021)R.A",0.11992016434669495
symptomatic_non_covid_vs_covid,"R.[304.207](I,104.709)LGGHLDA(K,304.207).G",0.11718049645423889
symptomatic_non_covid_vs_covid,K.[304.207]SGNTFRPEVH.L,0.11708414554595947
symptomatic_non_covid_vs_covid,"R.[304.207]RP(C,-20.983)FSALEVDETYVP(K,304.207).E",0.11480779945850372
symptomatic_non_covid_vs_covid,"C.[304.207]HG(S,304.214)PVDI(C,57.021)TA(K,304.207)PR.D",0.11342130601406097
symptomatic_non_covid_vs_covid,"K.[304.207]SGSD(E,34.075)VQVGQQR.T",0.1123703196644783
symptomatic_non_covid_vs_covid,"K.[304.207](K,331.189)VPQVSTPTLVEVSR.N",0.10976478457450867
symptomatic_non_covid_vs_covid,"K.[304.207](C,57.021)LNNQQLHFLHIGS(C,377.238)QDGR.Q",0.10406889766454697
symptomatic_non_covid_vs_covid,"R.[304.207](Q,36.98)EEL(C,57.021)LAR.Q",0.10402083396911621
symptomatic_non_covid_vs_covid,"K.[229.166]AEFAEVS(K,304.207).L",0.10312136262655258
symptomatic_non_covid_vs_covid,"K.[304.207]STG(K,304.207)PTLYNVSLV(M,57.028)SDTAGT(C,57.021)Y.-",0.10263003408908844
symptomatic_non_covid_vs_covid,"K.[304.207]YAATSQVLL(P,336.082)S(K,304.207).D",0.1025511771440506
symptomatic_non_covid_vs_covid,"K.[304.207]YVTSA(P,53.944)MPEPQAPGR.Y",0.1006324514746666
symptomatic_non_covid_vs_covid,"K.[304.207]LALD(N,0.989)GGLAR.R",0.10014114528894424
symptomatic_non_covid_vs_covid,"K.[304.207](K,304.207)ES(C,57.021)GYDT(C,57.021)YDWE(K,304.207).C",0.09924473613500595
symptomatic_non_covid_vs_covid,"K.{16.019}[304.207]AAPSVTLFPPSSEELQAN(K,304.207).A",0.09578929096460342
symptomatic_non_covid_vs_covid,"K.[304.207](K,304.207)QTALVELV(K,516.306)H(K,304.207).P",0.09143869578838348
symptomatic_non_covid_vs_covid,"K.[304.207]QFSFPLSSE(P,218.348)FQGSY(K,304.207).V",0.0912574753165245
symptomatic_non_covid_vs_covid,"K.[304.207]ADD(K,304.207)ET(C,57.021)FAEE(P,184.096)TMRIRER(K,304.207).-",0.09081626683473587
symptomatic_non_covid_vs_covid,"K.[304.207](C,57.021)GLGINSR.G",0.09013884514570236
symptomatic_non_covid_vs_covid,"R.[304.207]IT(C,57.021)SGDAL(P,284.167).K",0.08984968066215515
symptomatic_non_covid_vs_covid,"R.[304.207]ETYGEMAD(C,44.007)(C,57.021)A(K,304.207).Q",0.08910324424505234
symptomatic_non_covid_vs_covid,"K.[304.207](Q,201.536)WIN(K,304.207)AVGD(K,304.207)LPE(C,57.021)EAGATLINEQWLLTTA(K,304.207).N",0.08605426549911499
symptomatic_non_covid_vs_covid,"K.{52.914}[304.207]YVMLPVADQDQ(C,57.021)IR.H",0.0853855088353157
symptomatic_non_covid_vs_covid,"A.[304.207]GASS(A,-14.013)GLGPVVR.C",0.08307838439941406
symptomatic_non_covid_vs_covid,D.[304.207]FLAEGGGV.R,0.08262396603822708
symptomatic_non_covid_vs_covid,K.[304.207]HYDGSYSTFGER.Y,0.08178731054067612
symptomatic_non_covid_vs_covid,"K.[304.207](V,14.021)YA(C,57.021)EVTHQG.L",0.08088016510009766
symptomatic_non_covid_vs_covid,"K.[304.207]QQNAQGGFSST(Q,319.213)DTVVALHALS(K,304.207).Y",0.0802231878042221
symptomatic_non_covid_vs_covid,"-.[304.207](E,43.006)SNSPFPVHPGTAE(C,57.021)(C,57.021)T(K,304.207).E",0.07995160669088364
symptomatic_non_covid_vs_covid,"G.{141.538}[304.207]D(K,304.207)L(C,57.021)TVATLR.E",0.07653525471687317
symptomatic_non_covid_vs_covid,"Q.[304.207]LLIYEVS(N,14.021)R.F",0.07566531002521515
symptomatic_non_covid_vs_covid,"K.[304.207]AVMDDFAA(F,79.002)VE(K,304.207)(C,57.021)(C,57.021)(K,304.207).A",0.07533921301364899
symptomatic_non_covid_vs_covid,"H.[248.096]AVEGD(C,57.021)DFQLL(K,304.207).L",0.07437722384929657
symptomatic_non_covid_vs_covid,"I.[304.207](E,-29.456)(C,57.021)VSAETTED(C,57.021)IA(K,304.207).I",0.0706942230463028
symptomatic_non_covid_vs_covid,"K.{290.152}[304.207]AGVETTTPS(K,304.207)QSNN.K",0.06981894373893738
symptomatic_non_covid_vs_covid,"N.[304.207]YLNWYQ(Q,9.001)(K,304.207)PG(K,304.207).A",0.06801734119653702
symptomatic_non_covid_vs_covid,"K.[304.207]ALPAPI(E,15.009)(K,304.207).T",0.06776762008666992
symptomatic_non_covid_vs_covid,"K.[304.207](A,-2.01)VLTIDE(K,304.207).G",0.06609015166759491
symptomatic_non_covid_vs_covid,"K.[304.207]YAATSQVLLPS(K,304.207)DVMQGTDEHV.V",0.06440827995538712
symptomatic_non_covid_vs_covid,"R.[304.207]QGPVNLLSDPE(Q,304.217)GVEVTGQYER.E",0.06412741541862488
symptomatic_non_covid_vs_covid,"R.{17.034}[304.207]NPDSSTTGPW(C,57.021)YTTDPTVR.R",0.06370046734809875
symptomatic_non_covid_vs_covid,"K.[304.207]L(K,304.207)PVDGH(C,57.021)ALES(K,304.207).Y",0.06338934600353241
symptomatic_non_covid_vs_covid,K.[217.168]GNAHLGYSLVT.H,0.0627446249127388
symptomatic_non_covid_vs_covid,"K.[304.207]SA(S,100.023)DLTWDNL(K,304.207).G",0.06273511797189713
symptomatic_non_covid_vs_covid,K.[304.207]SELEDNIR.R,0.0625748485326767
symptomatic_non_covid_vs_covid,"K.[304.207]VYA(C,57.021)EVTHQ.G",0.06177767366170883
symptomatic_non_covid_vs_covid,"R.[304.207](C,57.021)(S,100.021)GEEQSLEQ(C,57.021)QHR.F",0.06135784089565277
symptomatic_non_covid_vs_covid,"K.[304.207]TTPPMLD(S,52.998)DGSFFLYS(K,304.207).L",0.06085118651390076
symptomatic_non_covid_vs_covid,"A.[304.207](D,-55.888)DG(C,57.021)P(K,304.207)PPEIAHGYVEHSVR.Y",0.06049485504627228
symptomatic_non_covid_vs_covid,"R.[304.207]TLQGIPQ(M,15.995)IGEVIR.K",0.06011078134179115
symptomatic_non_covid_vs_covid,"T.[304.207](C,-31.109)VADESAEN(C,57.021)D(K,304.207).S",0.05860893800854683
symptomatic_non_covid_vs_covid,"R.[304.207]WFQQ(K,304.207)PGQAPV(L,13.969)VIY(K,304.207).D",0.05828944966197014
symptomatic_non_covid_vs_covid,"K.[304.207]DLLFRDDTV(C,57.021)LA(K,563.262)LHDR.N",0.05796504020690918
symptomatic_non_covid_vs_covid,"R.[304.207]RHPYF(Y,16.001)APELLFFA(K,304.207).R",0.057453274726867676
symptomatic_non_covid_vs_covid,"R.[304.207]NQE(C,57.021)IAL(P,187.173)ENI(C,57.021)GIGWHLVGNS(C,57.021)L(K,304.207).I",0.05680243670940399
symptomatic_non_covid_vs_covid,"K.[304.207]PLS(I,-14.79)HPQGIR.Y",0.05332418531179428
symptomatic_non_covid_vs_covid,A.{213.737}[304.207]FSPVSYQHDLALLR.L,0.05213566869497299
symptomatic_non_covid_vs_covid,"R.[304.207]SGLSTG(W,52.919)TQLS(K,304.207).L",0.05050738900899887
symptomatic_non_covid_vs_covid,K.[304.207]DLLLPQPDLR.Y,0.04899461567401886
symptomatic_non_covid_vs_covid,"R.[304.207]YT(C,57.021)QGNSWTPPISNSLT(C,57.021)E(K,304.207).D",0.04882841929793358
symptomatic_non_covid_vs_covid,"R.[304.207](F,-13.032)(K,304.207)DLGEENF(K,304.207).A",0.048768315464258194
symptomatic_non_covid_vs_covid,"R.{13.015}[304.207]ASQSVSSNLAWYQQ(K,304.207)PGQAPR.L",0.04813306778669357
symptomatic_non_covid_vs_covid,"K.[304.207]SH(C,57.021)IAEVENDEM(P,285.18)ADLPSLAADFVES(K,304.207).D",0.047649018466472626
symptomatic_non_covid_vs_covid,"R.[304.207]GQIVFMNREP(K,304.207)R.T",0.046470120549201965
symptomatic_non_covid_vs_covid,"K.[304.207]YAATSQVLL(P,300.209)S(K,304.207)DVMQGTDEHVV(C,57.021)(K,304.207).V",0.046413470059633255
symptomatic_non_covid_vs_covid,"K.{56.500}[304.207]VSN(K,304.207)ALPAPIE(K,304.207).T",0.04600167274475098
symptomatic_non_covid_vs_covid,"R.[304.207]IIVPL(N,0.985)NR.E",0.045835524797439575
symptomatic_non_covid_vs_covid,"R.[304.207]T(C,73.032)P(K,304.207)PDDLPFSTVVPL(K,304.207).T",0.04533035308122635
symptomatic_non_covid_vs_covid,"R.{87.018}[304.207]NPDSSTTGPW(C,57.021)YTTDPTVR.R",0.04465016722679138
symptomatic_non_covid_vs_covid,"K.[304.207](C,57.021)(C,57.021)AAADPHE.C",0.0442902147769928
symptomatic_non_covid_vs_covid,R.{31.997}[304.207]TPGAAANLELIFVGPQHAGNYR.C,0.04376482963562012
symptomatic_non_covid_vs_covid,"K.[304.207]EGG(K,304.207)DA(C,57.021)(K,304.207)GDSGGPLV(C,57.021)(K,304.207).H",0.04307037219405174
symptomatic_non_covid_vs_covid,"K.{56.790}[304.207]AAFTE(C,57.021)(C,57.021)QAAD(K,304.207).A",0.042024947702884674
symptomatic_non_covid_vs_covid,R.[304.207]MELERPGGNEITR.G,0.041196584701538086
symptomatic_non_covid_vs_covid,"S.[304.207]TAALG(C,57.021)LV(K,304.207).D",0.041159167885780334
symptomatic_non_covid_vs_covid,"K.{192.999}[304.207]DGAGDVAFV(K,304.207).H",0.040680937469005585
symptomatic_non_covid_vs_covid,"K.[304.207]WLTFSLG(K,304.207).Q",0.03997286409139633
symptomatic_non_covid_vs_covid,"K.[304.207](G,-2.002)PSVFPLAP(C,57.021)SR.S",0.03928104788064957
symptomatic_non_covid_vs_covid,"R.[304.207]TPEVT(C,57.021)VVVDV(S,54.161)HEDPEV(K,304.207).F",0.03676356375217438
symptomatic_non_covid_vs_covid,"K.[304.207]LI(C,57.021)(Q,-19.137)ATGFSPR.Q",0.03663363307714462
symptomatic_non_covid_vs_covid,"K.{9.762}[304.207]VDNALQSGNSQESVTEQDS(K,304.207).D",0.03457280993461609
symptomatic_non_covid_vs_covid,"R.[304.207]DTLPS(C,57.021)AVR.A",0.03077089786529541
symptomatic_non_covid_vs_covid,"Q.[304.207](E,-61.116)PERNE(C,57.021)FLQH(K,304.207).D",0.029782960191369057
symptomatic_non_covid_vs_covid,R.[304.207]AELQEGAR.Q,0.029739802703261375
symptomatic_non_covid_vs_covid,"R.[304.207]HNVYINGITYT(P,100.028)VSSTNE(K,304.207).D",0.029535457491874695
symptomatic_non_covid_vs_covid,"K.[304.207]TTPPMLDSDGS(F,-54.988)F.L",0.02810770273208618
symptomatic_non_covid_vs_covid,K.[304.207]AVMDDFAAF.V,0.02808535099029541
symptomatic_non_covid_vs_covid,Y.[304.207]FYAPELLF.F,0.026572251692414284
symptomatic_non_covid_vs_covid,"P.[304.207]ELLGG(P,68.316)SVFLFPP(K,304.207)P(K,304.207).D",0.02390836365520954
symptomatic_non_covid_vs_covid,"K.[304.207]ASTPNGYDNGIIWATW(K,304.207).T",0.023079607635736465
symptomatic_non_covid_vs_covid,"K.[304.207]Y(V,304.212)TSAPMPEPQAPGR.Y",0.022679055109620094
symptomatic_non_covid_vs_covid,"R.[304.207]WQEGNVFS(C,57.021).S",0.022543907165527344
symptomatic_non_covid_vs_covid,"A.[304.207]ASTL(Q,28.982)SGVPSR.F",0.02176297828555107
symptomatic_non_covid_vs_covid,"K.[304.207](C,57.021)(C,57.021)TESLV(N,-44.962)R.R",0.018343713134527206
symptomatic_non_covid_vs_covid,"R.[304.207]SLDFTELDVAAE(K,304.207)IDR.F",0.014826405793428421
symptomatic_non_covid_vs_covid,"K.[304.207]TYETTLE(K,304.207)(C,57.021)(C,57.021)AA.A",0.011928016319870949
symptomatic_non_covid_vs_covid,"S.{145.949}[304.207]LDGGFVYIAG(K,304.207).C",0.011019110679626465
symptomatic_non_covid_vs_covid,"R.[304.207]LLDSL(P,21.986)SDTR.L",0.0036074966192245483
symptomatic_non_covid_vs_covid,"R.[304.207]DDTV(C,57.021)LA(K,304.207).L",0.0016532540321350098
