task,peptide,importance
healthy_vs_infected,"K.[304.207](K,376.233)VPQVSTPTLVEVSR.N",0.046768486286646996
healthy_vs_infected,"K.[304.207]SLHTLFGD(K,330.707)L(C,57.021)TVA.T",0.03774928669050184
healthy_vs_infected,"K.{95.076}[304.207]NLNE(K,304.207)DYEL.L",0.02872375603873933
healthy_vs_infected,"K.[304.207]SLHTLFGD(K,332.213)L(C,57.021)TVA.T",0.02500181256332751
healthy_vs_infected,"F.[304.207](K,291.14)DLGEENF(K,304.207).A",0.017656728486809097
healthy_vs_infected,"K.[304.207]LVD(K,304.207)FLED(V,276.182)(K,304.207).K",0.017080981604634317
healthy_vs_infected,"K.[304.207]L(K,331.18)E(C,57.021)(C,57.021)E(K,304.207)PLLE(K,304.207).S",0.014131746697284467
healthy_vs_infected,"R.[304.207]HYEG(S,304.219)TVPE(K,304.207)(K,304.207).T",0.014100805366280396
healthy_vs_infected,"R.[304.207]TLADLTLLDSPI(K,304.207).V",0.013832448356098623
healthy_vs_infected,"D.[304.207](K,203.075)SLHTLFGD(K,304.207).L",0.012281235594698525
healthy_vs_infected,"K.[304.207]LLLQ(M,15.995)DSSATAYGSTVS(K,304.207).R",0.012070928150665596
healthy_vs_infected,"R.[304.207]LTG(R,-19.035)GAEDSLADQAAN(K,304.207).W",0.011997239689936554
healthy_vs_infected,"K.[304.207](K,304.207)QTALVELV(K,522.33)H(K,304.207).P",0.011694730105476765
healthy_vs_infected,"K.[304.207]EFNLQN(M,57.036)GLPDFHIPENLFL(K,304.207).S",0.011626100358133613
healthy_vs_infected,K.[304.207]ITLLSALVETR.T,0.011131001715493374
healthy_vs_infected,"K.[304.207](S,144.078)LHTLFGD(K,304.207).L",0.011000686000683206
healthy_vs_infected,"D.[215.161]HV(K,304.207)LVNEVTEFA(K,304.207).T",0.01074226457785417
healthy_vs_infected,"K.[304.207]INNQLTLDSNT(K,304.207).Y",0.010276138725755186
healthy_vs_infected,"K.[304.207]YENYELTL(K,304.207).S",0.009040183784163743
healthy_vs_infected,"K.[304.207]GTSHEAGIV(C,57.021)R.I",0.008805437790533867
healthy_vs_infected,H.[304.207]GYVEHSVR.Y,0.008781329462668623
healthy_vs_infected,"K.[304.207](C,57.021)(C,57.021)T(E,149.096)SLVNR.R",0.00844991732371193
healthy_vs_infected,"K.[304.207]GTYGLS(C,57.021)QR.D",0.008144040678121798
healthy_vs_infected,"K.[304.207]S(C,57.021)EVVSV(C,57.021)(L,21.99)PLNLDT(K,304.207).Y",0.00787303671769817
healthy_vs_infected,"K.[304.207](K,304.207)QTALVELV(K,520.821)H(K,304.207).P",0.007837353499275173
healthy_vs_infected,K.[304.207]VQGVEFSHR.L,0.007462861963252125
healthy_vs_infected,"K.[304.207]ADSVVDLLSYNV(Q,303.212)GSGETTYDH(K,304.207).N",0.00727767281783028
healthy_vs_infected,"A.[304.207](E,-8.552)VS(K,304.207)LVTDLT(K,304.207).V",0.007136385856987001
healthy_vs_infected,"R.[304.207](G,304.213)SSVIH(C,57.021)DADS(K,304.207).W",0.007103304527306414
healthy_vs_infected,"K.[304.207]S(K,304.207)PTVSSSMEF(K,304.207).Y",0.006964959903589727
healthy_vs_infected,"K.[304.207]QN(C,57.021)ELFEQL(G,211.022)EY(K,304.207).F",0.00681952053956838
healthy_vs_infected,"R.[304.207]TEGDGV(Y,52.915)TLNNE(K,304.207).Q",0.00668412909585625
healthy_vs_infected,"K.[304.207]IDDIW(N,37.952)LEV(K,304.207).E",0.006569990639183942
healthy_vs_infected,"S.[304.207]IGYADSV(K,304.207).G",0.006536950151661549
healthy_vs_infected,"R.[304.207](Q,-48.618)(K,304.207)LHELQE(K,304.207).L",0.006437149854976673
healthy_vs_infected,"K.[304.207](K,176.118)SASDLTWDNL(K,304.207).G",0.005882457610272238
healthy_vs_infected,"R.[304.207]LA(K,304.207)TYETT(L,15.017)E(K,304.207).C",0.005881473679461046
healthy_vs_infected,R.[304.207]GDFSSANNR.D,0.005769345172462268
healthy_vs_infected,"R.[304.207]LGMFNIQ(H,302.152)(C,57.021)(K,304.207)(K,304.207).L",0.005631622016384147
healthy_vs_infected,"K.[304.207]LLLQMDSSATAYGSTVS(K,304.207).R",0.00555849406106813
healthy_vs_infected,"K.[304.207](F,-25.983)RYLYEIAR.R",0.005536241264333235
healthy_vs_infected,"I.[304.207](R,-99.074)HYEGSTVPE(K,304.207)(K,304.207).T",0.005431817201015476
healthy_vs_infected,"R.[304.207]V(K,304.207)DLATVYVDVL(K,361.239)DSGR.D",0.005302540409397926
healthy_vs_infected,"K.[304.207]QN(C,57.021)ELFEQLGE(Y,150.593)(K,304.207).F",0.005264248583657098
healthy_vs_infected,K.[304.207]ESASLMVDR.I,0.004919085587918865
healthy_vs_infected,"K.[304.207]LVNEVTEF(A,156.104)(K,304.207).T",0.004838041204171684
healthy_vs_infected,"R.[304.207]VGYVSG(W,13.983)GR.N",0.004809395868185865
healthy_vs_infected,"K.[304.207]TY(M,15.017)LAFDVNDE(K,304.207).N",0.004797326379815916
healthy_vs_infected,"K.[304.207]AVGD(K,304.207)LPE(C,57.021)EAV(C,57.021)G(K,304.207)P.K",0.004734604439819852
healthy_vs_infected,"K.[304.207]G(M,15.995)ALFGEG(K,304.207).A",0.004658246884927831
healthy_vs_infected,"K.[304.207]T(K,304.207)GTFAHR.D",0.004553103893755381
healthy_vs_infected,"V.[304.207](P,-26.131)VSLAEDPQGDAAQ(K,304.207).T",0.004516549084194561
healthy_vs_infected,"K.[304.207]ESDTSYV(S,-18.007).L",0.004487444225905
healthy_vs_infected,"S.[236.123]LHTLFGD(K,304.207).L",0.004466997004563138
healthy_vs_infected,"R.[304.207](C,57.021)TDAVGDR.R",0.004353599940380308
healthy_vs_infected,"K.[304.207]VTSIQDW(V,-17.364).Q",0.004268602438974692
healthy_vs_infected,R.[304.207]RHPYFYAPELLFF.A,0.004205751634864888
healthy_vs_infected,"K.[304.207]DI(C,57.021)EEQVNSLPGSIT(K,304.207).A",0.004204720219561954
healthy_vs_infected,"K.[304.207]LLDN(W,308.213)DSVTSTFS(K,304.207).L",0.004111284677928201
healthy_vs_infected,"K.[304.207]YPVAHFIDQTL(K,304.207).A",0.004089293747188485
healthy_vs_infected,"R.[304.207]EYSGTIASEANTYLNS(K,304.207).S",0.004014393714231768
healthy_vs_infected,"R.[304.207]Y(K,361.236)AAFTE(C,57.021)(C,57.021)QAAD(K,304.207).A",0.003987341844797249
healthy_vs_infected,"C.[304.207]HPNSP(L,21.984)DEENLTQENQDR.G",0.0039155276156252255
healthy_vs_infected,"K.[304.207]GVLHNEV(K,304.207).V",0.0038910445922641056
healthy_vs_infected,"K.[304.207](L,77.913)RTEGDGVYTLNNE(K,304.207)QWIN.K",0.0038740460241723945
healthy_vs_infected,"K.{114.914}[304.207]AVMDDFAAFVE(K,304.207).C",0.003862525786215114
healthy_vs_infected,K.[304.207]DFDFVPPVVR.W,0.0038313061872025382
healthy_vs_infected,K.[304.207]LDFSSQADLR.N,0.00379210674900329
healthy_vs_infected,"-.[304.207]DIQ(M,68.912)TQSPSSLSASVGDR.V",0.003777211289630743
healthy_vs_infected,"K.[304.207](K,304.207)VEGTAFVIFGIQDGE(Q,15.022)R.I",0.0037338373618535864
healthy_vs_infected,"K.{48.920}[304.207]LVNEVTEFA(K,304.207).T",0.0036839378800043693
healthy_vs_infected,"R.[304.207]EYSGTIASE(A,37.954)NTYLNS(K,304.207).S",0.0036818341177345527
healthy_vs_infected,"K.[177.079]SLHTLFGD(K,304.207).L",0.003603300088634403
healthy_vs_infected,"R.{52.928}[304.207]FDEFFSEG(C,57.021)APGS(K,304.207)(K,304.207).D",0.00359656068727628
healthy_vs_infected,"K.[304.207](C,57.021)NYLGHY(S,304.212)DPMYR.C",0.0035353301049560627
healthy_vs_infected,"K.[304.207]ESASL(M,15.997)VDR.I",0.003531320380196206
healthy_vs_infected,"D.[304.207](M,-56.112)AEIE(K,304.207)FD(K,304.207).S",0.003530739878998672
healthy_vs_infected,"K.[304.207]EDPQTF(Y,304.204)YAVAVV(K,304.207).K",0.003529045000634125
healthy_vs_infected,"K.[304.207]LVNEV(T,21.98)EFA(K,304.207).T",0.003429548240583029
healthy_vs_infected,"R.[304.207]EYSGTIA(S,52.918)EANTYLNS(K,304.207).S",0.003428076752388294
healthy_vs_infected,"K.[304.207](L,128.102)PE(C,57.021)EAV(C,57.021)G(K,304.207)P(K,304.207).N",0.003382372500037944
healthy_vs_infected,"K.[304.207](Q,271.167)TALVELV(K,304.207).H",0.0033719330842870193
healthy_vs_infected,"R.[304.207]TAGWNIP(M,15.995)GLLYN(K,304.207).I",0.0032655753586562897
healthy_vs_infected,"K.{17.026}[304.207]L(C,57.021)MGSGLNL(C,57.021)EPNN(K,304.207).E",0.0032478736437364123
healthy_vs_infected,"R.[304.207]VMPI(C,57.021)(L,37.949)PS(K,304.207)DYAEVGR.V",0.0032392220050403114
healthy_vs_infected,"R.[304.207]GGSTSYG(T,52.915)GSETESPR.N",0.0031609566275847966
healthy_vs_infected,"K.[304.207](L,210.042)PE(C,57.021)EAV(C,57.021)G(K,304.207)P(K,304.207).N",0.0031585677749360608
healthy_vs_infected,"R.[185.111]NANF(K,304.207)FTDHL(K,304.207).Y",0.0031438688449555376
healthy_vs_infected,"E.[304.207](C,29.389)FLQH(K,304.207)DDNPNLPR.L",0.0031397843005841588
healthy_vs_infected,"K.[304.207](K,304.207)VPQ(V,55.922)STPTLVEVSR.N",0.0031121318524007
healthy_vs_infected,"R.[304.207]E(C,57.021)NNPPPSGGGR.S",0.0030904839750906877
healthy_vs_infected,"S.[304.207](K,184.088)DYAEVGR.V",0.0030861244019138785
healthy_vs_infected,"R.[304.207]HYEGSTVPE(K,326.189)(K,304.207).T",0.0030784394684156293
healthy_vs_infected,"K.[304.207]YI(C,57.021)ENQDS(I,304.214)SS(K,304.207).L",0.003003546099290785
healthy_vs_infected,"K.[304.207]ALVQQ(M,-48)EQLR.Q",0.0029433931517731634
healthy_vs_infected,"K.[304.207]VTTSQDM(L,15.016)SIME(K,304.207).L",0.0028927161054863875
healthy_vs_infected,"K.[304.207](M,31.991)EEVEAMLLPETL(K,304.207).R",0.0028867952588975503
healthy_vs_infected,"K.[304.207](S,148.092)LHTLFGD(K,304.207).L",0.00286756935642435
healthy_vs_infected,"K.[304.207]VVLHPNY(H,-12.074)QVDIGLI(K,304.207).L",0.0028449197860962536
healthy_vs_infected,"R.[304.207]DAVE(K,304.207)PQ(E,21.99)FTIVAFV(K,304.207).Y",0.002842343117901983
healthy_vs_infected,"K.[304.207]FYY(I,13.982)YNE(K,304.207).G",0.00282857142857143
healthy_vs_infected,"R.[304.207]VMPI(C,79.006)LPS(K,304.207)DYAEVGR.V",0.002826086956521741
healthy_vs_infected,R.[304.207]QDGSVDFGR.K,0.002818759259103504
healthy_vs_infected,"K.[304.207]AVGD(K,304.207)LPE(C,57.021)EAV(C,13.142)G(K,304.207).P",0.0028026533996683258
healthy_vs_infected,"R.[304.207]L(V,210.12)RPEVDVM(C,57.021)TAFHDNEETFL(K,304.207).K",0.0027986505251860537
healthy_vs_infected,"L.[304.207](R,-99.072)(K,304.207)(C,57.021)STSSLLEA(C,57.021)TFR.R",0.0027968139661756685
healthy_vs_infected,"K.[304.207]QEPERNE(C,57.021)FLQH(K,185.611).D",0.0027918328767547484
healthy_vs_infected,"R.[304.207]ILTSDVFQD(C,57.021)N(K,304.207).L",0.002791362868676882
healthy_vs_infected,"K.[304.207]VTSIQD(W,53.97)VQ(K,304.207).T",0.002776633629381734
healthy_vs_infected,"K.[304.207]DIAPTLTL(Y,21.982)VG(K,304.207).K",0.0027698019133066665
healthy_vs_infected,"K.[304.207]SVIPSDGPSVA(C,74.957)V(K,304.207)(K,304.207)ASYL.D",0.00272985781990521
healthy_vs_infected,"K.[304.207]IEFEWNTGTNVDT(K,304.207).K",0.002725510467821142
healthy_vs_infected,"V.[304.207](A,-8.959)TLRETYGEMAD(C,57.021)(C,57.021)A(K,304.207).Q",0.002666194999633179
healthy_vs_infected,"R.[304.207]I(K,304.207)VTTSQDMLSIME(K,304.207).L",0.002653149266609147
healthy_vs_infected,"K.[304.207]DNENVVNEYSSELE(K,304.207).H",0.002648813811129643
healthy_vs_infected,"K.[304.207](V,156.098)PQVSTPTLVEVSR.N",0.0026472011940137925
healthy_vs_infected,"K.[304.207]AVGD(K,304.207)LPE(C,57.021)EAV(C,-29.166)G(K,304.207).P",0.0026306494017491492
healthy_vs_infected,"K.[304.207]S(K,304.207)PTVSSS(M,15.997)EF(K,304.207).Y",0.0026225858136782174
healthy_vs_infected,"R.[304.207]A(D,255.151)LA(K,304.207)YI(C,57.021)ENQDSISS(K,304.207).L",0.002598327009158681
healthy_vs_infected,"K.[304.207]NSLFFSAQPFEITASTNNEGNL(K,304.207).V",0.0025858262102577607
healthy_vs_infected,"R.{31.998}[304.207]TEGDGVYTLNNE(K,304.207).Q",0.0025816649104320314
healthy_vs_infected,"R.[304.207]D(K,304.207)V(N,0.984)SFFSTF(K,304.207).E",0.0024751718869365984
healthy_vs_infected,"G.[186.076]T(C,57.021)PEAPTDE(C,57.021)(K,304.207)PV(K,304.207).W",0.0024658292107039843
healthy_vs_infected,"K.[304.207]T(C,57.021)VADESAEN(C,57.021)(D,203.14).K",0.002462263452632596
healthy_vs_infected,"E.[304.207](C,-21.089)EAV(C,57.021)G(K,304.207)P(K,304.207).N",0.0024379438677956853
healthy_vs_infected,"K.[304.207](S,172.068)LHTLFGD(K,304.207).L",0.002430337724491701
healthy_vs_infected,R.{200.100}[304.207]RHPYFYAPELLF.F,0.002421432027231921
healthy_vs_infected,"R.[304.207]EFQVP(T,21.983)FTIP(K,304.207).L",0.0023712757207339863
healthy_vs_infected,K.{149.695}[304.207]LLDNWDSVT.S,0.002307962720076314
healthy_vs_infected,"K.[304.207]SH(C,57.021)IAEVENDE(M,115.019)PADLPSLAADFVES(K,304.207).D",0.002291728004928301
healthy_vs_infected,"K.{40.987}[304.207]ADD(K,304.207)ET(C,57.021)FAEEG(K,304.207)(K,304.207).L",0.002279835051474616
healthy_vs_infected,"K.[304.207](T,304.209)VIGPDGH(K,304.207).E",0.0022711151321308477
healthy_vs_infected,"K.{31.995}[304.207]S(C,57.021)AVAEYGVYV(K,304.207).V",0.0022685185185185174
healthy_vs_infected,"K.[304.207]L(C,57.021)MGSGLNL(C,109.935)EPNN(K,304.207).E",0.0022671416383529606
healthy_vs_infected,"K.{63.941}[304.207]LLDNWDSVTSTFS(K,304.207).L",0.0022283203836263098
healthy_vs_infected,"K.[304.207](C,57.021)(C,57.021)AAADPHE(C,57.021)(Y,277.185)A.K",0.002208804051421892
healthy_vs_infected,"R.[304.207]VGYVSG(W,79.979)GR.N",0.0022007223791340423
healthy_vs_infected,"K.[304.207]ALVQQ(M,15.014)EQLR.Q",0.002194549474814671
healthy_vs_infected,"F.[304.207](K,296.162)DLGEENF(K,304.207).A",0.0021457139387661005
healthy_vs_infected,"P.{67.076}[304.207]WDRV(K,304.207)DLATVYVDVL(K,304.207)DSGR.D",0.002138106239428272
healthy_vs_infected,"F.[304.207](K,292.144)DLGEENF(K,304.207).A",0.0021271975180972096
healthy_vs_infected,"R.[304.207]FTNIGPDT(M,-48.001)R.V",0.0021247737062190008
healthy_vs_infected,"K.[304.207]QTALVEL(V,-21.566)(K,304.207).H",0.0021175235280392005
healthy_vs_infected,"R.[304.207]LTPYADE(F,-18.0099).K",0.0020966740756530205
healthy_vs_infected,"L.[304.207](L,-19.069)FRDDTV(C,57.021)LA(K,304.207).L",0.0020963381131014255
healthy_vs_infected,"H.[237.117]TE(C,57.021)(C,57.021)HGDLLE(C,57.021)ADDRADLA(K,304.207).Y",0.0020852620534486926
healthy_vs_infected,"G.[304.207](R,-99.08)DYVSQFEGSALG(K,304.207).Q",0.0020847073371805438
healthy_vs_infected,"K.[304.207]AVLDVFEEGTEASAA(T,-36.016)A.V",0.0020800655672841874
healthy_vs_infected,"K.[304.207]LVAASQAA(L,18.471)GL.-",0.0020529573481009684
healthy_vs_infected,R.{31.999}[304.207]VGYVSGWGR.N,0.002051377513030531
healthy_vs_infected,"N.[304.207]EETFL(K,304.207)(K,304.207)YTYETTLE(K,304.207).C",0.0020472792149866183
healthy_vs_infected,"K.[304.207](A,42.052)EFAEVS(K,304.207).L",0.0019898387017215015
healthy_vs_infected,"K.[304.207]SLHTLFGD(K,304.207)L(C,57.021)TVATLRETYG.E",0.001982075146501205
healthy_vs_infected,"R.[304.207]FDEFF(S,100.023)EG(C,57.021)APGS(K,304.207).K",0.0019487179487179482
healthy_vs_infected,"K.[304.207](S,26.97)LHTLFGD(K,304.207).L",0.001945291948170395
healthy_vs_infected,"K.[304.207]AVLDVFEE(G,102.076)TEASAATAV(K,304.207).I",0.0019347107719167994
healthy_vs_infected,"R.[304.207]YEDGTLSLTSTSDLQSGII(K,304.207).N",0.0019047619047619004
healthy_vs_infected,"K.{167.052}[304.207]SLHTLFGD(K,304.207).L",0.001881435364143258
healthy_vs_infected,"K.[304.207](M,23.122)VSHHNLTTGATLINEQWLLTTA(K,304.207).N",0.0018790805125480528
healthy_vs_infected,"R.[304.207]F(K,244.129)DLGEENF(K,304.207).A",0.001870196724066994
healthy_vs_infected,L.[270.246]AELGGHLDQQVEEFRR.R,0.0018619662363455753
healthy_vs_infected,"K.[304.207]ADD(K,304.207)ET(C,57.021)FAEE(G,276.183)(K,304.207).K",0.0018447380561481775
healthy_vs_infected,"R.[304.207]ETYGEMAD(C,57.021)(C,57.021)A(K,304.207)(Q,-50.89)EPE.R",0.001807939046421404
healthy_vs_infected,"K.[304.207](K,304.207)VPQVSTPTLVEVSR.N",0.0017876402070750646
healthy_vs_infected,"K.{62.945}[304.207]QN(C,57.021)ELFEQLGEY(K,304.207).F",0.001774118738404456
healthy_vs_infected,"K.[304.207]ALGI(S,304.217)PFHEHAEVVFTANDSGPR.R",0.0017697409006785928
healthy_vs_infected,"K.{52.915}[304.207]YLGEEYV(K,304.207).A",0.0017450792224396677
healthy_vs_infected,R.[304.207]NPNPSAPR.E,0.0017408538218436952
healthy_vs_infected,"R.[304.207](R,-42.017)HPYFYAPELLFFA(K,304.207).R",0.0017314426511910305
healthy_vs_infected,"K.[304.207](C,57.021)(C,57.021)AAADPHE(C,57.021)YA(K,304.207)(V,57.034).F",0.0017097566437552594
healthy_vs_infected,"F.[304.207]AQYLQQ(C,128.08)PFEDHV(K,304.207).L",0.0016861699629093427
healthy_vs_infected,"R.[304.207]TEGDGVYT(L,21.986)NNE(K,304.207).Q",0.0016326530612244857
healthy_vs_infected,"R.[304.207]TEGDGVYTL(N,0.984)NE(K,304.207).Q",0.0016323752566276917
healthy_vs_infected,"R.[304.207]FDEFFSEG(C,57.021)APGS(K,198.099)(K,304.207).D",0.0016258320780840182
healthy_vs_infected,"R.[304.207]R(P,40.04)(C,57.021)FSALEVDETYVP(K,304.207).E",0.001582278481012658
healthy_vs_infected,"N.[304.207](K,242.027)ISNIPDEYF(K,304.207).R",0.0015579975579975557
healthy_vs_infected,"E.[304.207]AFAHTDLSG(K,304.207).V",0.0015485786357812162
healthy_vs_infected,"K.[304.207]QEPERNE(C,57.021)FLQH(K,231.236)D.D",0.00153622023852269
healthy_vs_infected,"R.[304.207]A(P,304.217)STWLTAYVV(K,304.207).V",0.0015250313232009589
healthy_vs_infected,"R.[304.207]LSEAEFEVL(K,304.207).A",0.0015086221783643808
healthy_vs_infected,"K.[304.207]SLHTLFGD(K,338.246)L(C,57.021)TVA.T",0.0015074708874669932
healthy_vs_infected,"S.{146.587}[304.207]LDGGFVYIAG(K,304.207).C",0.001449794779272637
healthy_vs_infected,"R.{31.996}[304.207]TEGDGVYTLND(K,304.207).K",0.0014235760461737681
healthy_vs_infected,"K.[304.207]IDDIWNL(E,101.96)V(K,304.207).E",0.0014191387620355739
healthy_vs_infected,"K.[304.207](L,43.988)VNEVTEFA(K,304.207).T",0.0013947957990829397
healthy_vs_infected,-.[42.011]YTKKVPQVSTPTLVEVSR.-,0.001393503966472085
healthy_vs_infected,"K.[304.207]NMEVSVATTT(K,304.207).A",0.0013903743315508007
healthy_vs_infected,"V.[304.207]NRRP(C,91.09)FSALEVDETYVP(K,304.207).E",0.001384416894862376
healthy_vs_infected,"V.[198.146]SVLTVLHQDWLNG(K,304.207)EY(K,304.207).C",0.0013807151944993327
healthy_vs_infected,"K.[304.207]LLDNWDSVT(S,-18.009)TF.S",0.0013782708850736056
healthy_vs_infected,"K.[304.207]NYAEA(K,304.207)DVFL(G,15.022)MFLYEYAR.R",0.001373861987069537
healthy_vs_infected,"P.[304.207](K,272.088)AEFAEVS(K,304.207).L",0.001367135093914654
healthy_vs_infected,"R.[304.207]EFQVPT(F,-18.007)T.I",0.001365019692087359
healthy_vs_infected,"E.[304.207](T,-36.719)TLE(K,304.207)(C,57.021)(C,57.021)AAADPHE(C,57.021)YA(K,304.207).V",0.0013381722203893165
healthy_vs_infected,"K.[304.207](K,229.165)VPQVSTPTLVEVSR.N",0.0013357844427944465
healthy_vs_infected,"K.[304.207]DLATVYVDVL(K,304.207)DSGR.D",0.0013264460238827161
healthy_vs_infected,"K.[304.207]NHLQLEGLFFTNGEHT(S,304.209)(K,304.207).A",0.001286156473990437
healthy_vs_infected,"K.[304.207]SNTVA(S,304.21)LHTE(K,304.207).N",0.0012852689775490276
healthy_vs_infected,"K.[304.207]ATVAVYLESLQDT(K,304.207).I",0.001258685917016495
healthy_vs_infected,"K.[304.207](T,149.088)PLGDTTHT(C,57.021)PR.C",0.0012396535129932638
healthy_vs_infected,"D.[304.207](L,-37.043)A(K,304.207)YI(C,57.021)ENQDSISS(K,304.207).L",0.001237032963254218
healthy_vs_infected,"L.[304.207]ATVYVDVL(K,304.207).D",0.0011958267641691877
healthy_vs_infected,"K.[304.207]AGVETTTPS(K,481.278)QSNN(K,304.207).Y",0.0011877702773968977
healthy_vs_infected,"R.[304.207]QLVEIAARDIE(K,304.207)LLSNRS(K,304.207).A",0.0011817538198103266
healthy_vs_infected,"K.[304.207]VTTSQD(M,31.99)LSIME(K,304.207).L",0.0011782421062435909
healthy_vs_infected,"K.[304.207]FYYIYN(E,21.986)(K,304.207).G",0.001169645549936684
healthy_vs_infected,"K.[304.207](M,15.995)EEVEAMLLPETL(K,304.207).R",0.0011541209445472364
healthy_vs_infected,"R.[304.207]HSITNPL(A,304.215)VL(C,57.021)EFISQSI(K,304.207).S",0.0011246478538894985
healthy_vs_infected,R.[304.207]IQQIPNVR.R,0.001118954738849019
healthy_vs_infected,"K.[304.207]ENFAGEATL(Q,15.015)R.I",0.0011143673794276189
healthy_vs_infected,"K.[304.207]EDPQTFYYAVAVV(K,361.24)(K,304.207).D",0.0011117543108157552
healthy_vs_infected,"R.[304.207](K,304.207)PVEEYAN(C,57.021)HLAR.A",0.0011012782694198582
healthy_vs_infected,"R.[304.207]RPPL(C,57.021)YHNGVQYR.N",0.0010939479788008941
healthy_vs_infected,"F.[304.207]AMLSLG(T,-18.005)(K,304.207).A",0.001060714285714286
healthy_vs_infected,"K.[304.207]A(K,304.207)IDQNVEEL(K,304.207)GR.L",0.0010591260934431823
healthy_vs_infected,"R.[304.207]H(Y,13.983)EGSTVPE(K,304.207)(K,304.207).T",0.0010374006218835275
healthy_vs_infected,"L.[213.104]A(K,304.207)TYETTLE(K,304.207).C",0.0010314049586776818
healthy_vs_infected,"K.[304.207](K,304.207)VETN(M,15.999)AFSPF.S",0.001030750001413923
healthy_vs_infected,"S.[304.207](L,-45.11)HTLFGD(K,304.207).L",0.0010272168568920056
healthy_vs_infected,"K.[304.207]HV(C,57.021)GALL(K,304.207).F",0.0010084033613445324
healthy_vs_infected,"R.[304.207]YVGGQEH(F,-12.537)AHLL.I",0.0010016051364365973
healthy_vs_infected,"K.[304.207]E(Q,0.986)LSLLDR.F",0.000987542281989929
healthy_vs_infected,"K.{37.973}[304.207]EFNAETFTFHADI(C,57.021)TLSE(K,304.207).E",0.0009804996050470115
healthy_vs_infected,"K.[304.207]GTW(T,21.985)QPFDLASTR.E",0.0009602458229306705
healthy_vs_infected,"K.[304.207]AVGD(K,304.207)L(P,51.914)E(C,57.021)EAV(C,57.021)G(K,304.207)P(K,304.207).N",0.0009201391757939978
healthy_vs_infected,"R.[304.207](S,304.211)AGWNIPIGLLY(C,57.021)DLPEPR.K",0.0009163934426229506
healthy_vs_infected,"K.[304.207]WWTQAQAHDLVI(K,304.207).S",0.0009090928366664964
healthy_vs_infected,"P.[304.207](K,244.122)AEFAEVS(K,304.207).L",0.0008957983193277221
healthy_vs_infected,"K.[304.207]AAFTE(C,179.851)(C,57.021)QAAD(K,304.207).A",0.0008932320494713138
healthy_vs_infected,I.[304.207]TLLSALVETR.T,0.000892232583828449
healthy_vs_infected,"K.[304.207]EALQGVGD(M,57.026)GR.A",0.000882352941176472
healthy_vs_infected,R.{95.093}[304.207]EFQVPTFT.I,0.0008769546936268694
healthy_vs_infected,"K.[304.207](E,53.246)T(C,57.021)FAEEG(K,304.207)(K,304.207).L",0.0008754208754208768
healthy_vs_infected,"K.[304.207]VTSIQD(W,4)VQ(K,304.207).T",0.0008665546363322994
healthy_vs_infected,"K.[304.207]SDVVYTD(W,-94.618)(K,304.207).K",0.0008648566675191744
healthy_vs_infected,"F.[283.195]ATDFQDSAAA(K,304.207).K",0.0008609486679662118
healthy_vs_infected,"K.[304.207](C,57.021)(C,57.021)AAADPHE.C",0.0008572616275360471
healthy_vs_infected,"R.[304.207](K,304.207)(Y,13.987)WND(C,57.021)EPPDSR.R",0.0008538899430740103
healthy_vs_infected,"R.{5.457}[304.207]L(K,304.207)(C,57.021)DEWSVNSVG(K,304.207).I",0.0008507940744695004
healthy_vs_infected,"D.[304.207](K,342.159)LPE(C,57.021)EAV(C,57.021)G(K,304.207)P(K,304.207).N",0.0008503401360544196
healthy_vs_infected,"K.[304.207]YLGEE(Y,21.985)V(K,304.207).A",0.0008474576271186443
healthy_vs_infected,"K.[304.207]QAIQASH(K,304.207).K",0.0008449832006505734
healthy_vs_infected,"S.[304.207](W,-12.878)VLLM(K,304.207)YLGNATAIFFLPDEG(K,304.207).L",0.000842472582253232
healthy_vs_infected,R.[304.207]TLLEGEESR.M,0.0008407331215740779
healthy_vs_infected,"K.{40.035}[304.207]AEFAEVS(K,304.207).L",0.0008382245833511874
healthy_vs_infected,"H.[191.116]GSPVDI(C,57.021)TA(K,304.207)PR.D",0.0008344312692138741
healthy_vs_infected,"K.[304.207]QTALVELV(K,230.981)H(K,304.207).P",0.0008332146417889172
healthy_vs_infected,"K.[304.207]IEIPL(P,-7.509)FGG(K,304.207).S",0.0008224352205344805
healthy_vs_infected,"K.[304.207]SPVGVQPILNE(H,28.995)TF(C,57.021)VGMS(K,304.207).Y",0.0008221316070035073
healthy_vs_infected,"K.[304.207](Y,149.157)TYETTLE(K,304.207).C",0.0008194138278561104
healthy_vs_infected,"K.{16.002}[304.207]NLNE(K,304.207)DYELL(C,57.021)LDGTR.K",0.0007982120051085555
healthy_vs_infected,"R.{15.007}[304.207]RHPYFYAPELLFFA(K,304.207).R",0.0007880431432973783
healthy_vs_infected,"K.[304.207]LLDNWDS(V,23.607)TSTFS(K,304.207).L",0.0007758123266323715
healthy_vs_infected,"L.[304.207](K,213.107)(C,57.021)DEWSVNSVG(K,304.207).I",0.0007725752508361129
healthy_vs_infected,K.[304.207]SVIPSDGPF.S,0.0007720558894877747
healthy_vs_infected,"D.[181.171]HV(K,304.207)LVNEVTEFA(K,304.207).T",0.0007647058823529451
healthy_vs_infected,"R.[304.207]DVVLTTTFVDDI(K,304.207)ALPTT.Y",0.000757142857142861
healthy_vs_infected,"R.[304.207](K,304.207)PVEE(Y,44.99)AN(C,57.021)HLAR.A",0.000746268656716418
healthy_vs_infected,"K.[304.207]AEPLAFTFSHDY(K,304.207).G",0.0007446280991735568
healthy_vs_infected,"R.[304.207]R(P,42.052)(C,57.021)FSALEVDETYVP(K,304.207).E",0.0007440827703500746
healthy_vs_infected,"P.[304.207](K,176.116)SPVGVQPILNEHTF.C",0.0007427055702917772
healthy_vs_infected,"K.{75.942}[304.207]AVMDDFAAFVE(K,304.207).C",0.0007421150278293128
healthy_vs_infected,"K.[304.207]ADD(K,304.207)ET(C,57.021)FAEE(P,184.096)TMRIRER(K,304.207).-",0.0007402029306854335
healthy_vs_infected,K.[304.207]EGYYGYTGAFR.C,0.0007365568315981509
healthy_vs_infected,"R.[304.207]LVRPEVDVM(C,57.021)TAFHDNEETF(L,272.164)(K,304.207).K",0.0007359125315391063
healthy_vs_infected,"K.[304.207]AAFTE(C,57.021)(C,57.021)QAAD(K,304.207)AA(C,11.073)LLP.K",0.0007286371527102035
healthy_vs_infected,"R.[304.207]HIVTFDGQNF(K,304.207).L",0.0007284936251418249
healthy_vs_infected,"R.[304.207]GSSVIH(C,57.021)DADS(K,304.207).W",0.0007273017902813295
healthy_vs_infected,"R.[304.207]RHPYFYAPELL(F,213.133)FA(K,304.207).R",0.0007139549093356623
healthy_vs_infected,"A.[304.207]VDSGNDVTDIADDG(C,57.021)P(K,304.207)PPEIA(H,-2.006)GY.V",0.000694597463788513
healthy_vs_infected,"R.[304.207]NLAV(S,302.196)QVVH(K,304.207).A",0.0006911370460100251
healthy_vs_infected,"R.{32.016}[304.207]HYEGSTVPE(K,304.207).K",0.0006644144144144172
healthy_vs_infected,"K.{63.959}[304.207]QN(C,57.021)ELFEQLGEY(K,304.207).F",0.0006620900267214031
healthy_vs_infected,"K.[304.207]YV(M,57.024)LPVADQDQ(C,57.021)IR.H",0.000624148887880163
healthy_vs_infected,"K.[304.207]AD(I,29.084)G(C,57.021)TPGSG(K,304.207).D",0.000620914930266291
healthy_vs_infected,"R.[304.207]NALF(C,57.021)LESA(W,29)(K,304.207).T",0.0006119951040391674
healthy_vs_infected,"R.[229.073]VYTLNNE(K,304.207).Q",0.0005855044345897982
healthy_vs_infected,"K.{26.994}[304.207]VHTE(C,57.021)(C,57.021)HGDLLE(C,57.021)ADDRADLA(K,304.207).Y",0.0005846229427659055
healthy_vs_infected,"K.[304.207]QT(M,15.995)VDSS(C,57.021)R.I",0.0005754475703324806
healthy_vs_infected,"K.[304.207]VTSIQDW(V,-18.014).Q",0.000574712643678161
healthy_vs_infected,"K.[304.207]T(C,57.021)VADESAEN(C,57.021)(D,277.186).K",0.000568397120121258
healthy_vs_infected,"K.{85.003}[304.207]SPVGVQPILNEHTF(C,57.021)VG.M",0.0005592105263157881
healthy_vs_infected,"K.[304.207]YI(C,57.021)ENQDSIS(S,292.493)(K,304.207).L",0.0005517063265887715
healthy_vs_infected,"R.{17.028}[304.207]RP(C,57.021)FSALEVDETYVP(K,304.207).E",0.0005508227027660797
healthy_vs_infected,"R.[304.207]TEVNVLPGA(K,361.218)VQ.F",0.0005488244630525141
healthy_vs_infected,K.[304.207]DSSVPNTGTAR.M,0.0005388427355384605
healthy_vs_infected,"R.[304.207]V(K,304.207)DLATVYVD(V,-19.771).L",0.0005217436002878588
healthy_vs_infected,"R.[304.207]RP(C,57.021)FSALEVD(E,67.874)TYVP(K,304.207).E",0.0005069993867890219
healthy_vs_infected,"K.[304.207]FTPTETN(K,304.207).A",0.0005068986408547291
healthy_vs_infected,"K.[304.207](K,331.189)VPQVSTPTLVEVSR.N",0.0005024217695487951
healthy_vs_infected,"V.[304.207](E,-61.082)EYAN(C,57.021)HLAR.A",0.0005006759813238325
healthy_vs_infected,"K.[304.207]LLDNWDS(V,37.958)TSTFS(K,304.207).L",0.0004911707670778569
healthy_vs_infected,"Y.[304.207](S,15.899)IFSYAT(K,304.207).R",0.0004731208232302332
healthy_vs_infected,"K.{26.971}[304.207]ADD(K,304.207)ET(C,57.021)FAEEG(K,304.207)(K,304.207).L",0.0004641018098685844
healthy_vs_infected,"K.{37.951}[304.207]AEFAEVS(K,304.207).L",0.0004497177583029884
healthy_vs_infected,"R.[304.207]GDAV(C,57.021)TESG(W,31.997)RPLPS(C,57.021)EE(K,304.207).S",0.0004281326197789679
healthy_vs_infected,"K.[304.207]QEPERNE(C,57.021)FLQH(K,304.207).D",0.00041746062379033436
healthy_vs_infected,"V.[304.207]RS(Y,148.113)TITGLQPGTDY(K,304.207).I",0.00038547071905114334
healthy_vs_infected,"K.[304.207]QN(C,57.021)ELFEQL(G,182.948)EY(K,304.207).F",0.00038508003624281815
healthy_vs_infected,"R.[304.207]LVRPEVDVM(C,57.021)TAFHDN(E,273.172)ETFL(K,304.207).K",0.0003832673997081875
healthy_vs_infected,"R.[304.207]H(Y,31.999)EGSTVPE(K,304.207)(K,304.207).T",0.0003792298716452733
healthy_vs_infected,"K.[304.207]LVNEVTE(F,37.952)A(K,304.207).T",0.00035606060606060345
healthy_vs_infected,"R.[304.207]TNGV(C,57.021)VDWR.T",0.0003465689886861217
healthy_vs_infected,"K.[304.207]LVNEVTE(F,-19.0099).A",0.0003439326748639395
healthy_vs_infected,"R.[304.207](H,-58.501)PDYSVVLLLR.L",0.0003376234997836449
healthy_vs_infected,C.[304.207]HPNSPLDEENLTQENQDR.G,0.0003366801768607194
healthy_vs_infected,"R.[304.207]G(C,57.021)PTEEG(C,57.021)GER.F",0.0003294797687861299
healthy_vs_infected,"K.{56.790}[304.207]AAFTE(C,57.021)(C,57.021)QAAD(K,304.207).A",0.00032772979642196176
healthy_vs_infected,"K.[304.207]LVNEVTEFA(K,267.269)T(C,57.021)VADE.S",0.0003238024892094166
healthy_vs_infected,"R.[304.207]RHPYFYAPELLF(F,-58.063)A(K,304.207).R",0.0003167087542087479
healthy_vs_infected,"H.[189.095]RF(K,304.207)DLGEENF(K,304.207).A",0.0003041144901610015
healthy_vs_infected,"K.[304.207]VFDEF(K,304.207)(P,155.109)LVEEPQNLI(K,304.207).Q",0.000302967848309976
healthy_vs_infected,"K.[304.207]AVGD(K,304.207)LPE(C,57.021)EA(D,43.114)DG(C,57.021)P(K,304.207).P",0.00030092268978051874
healthy_vs_infected,"K.[304.207]VTGEG(C,57.021)V(Y,21.985)LQTSL(K,304.207).Y",0.0002975963372758496
healthy_vs_infected,"R.[304.207]TEGDGVYTLNNE(K,302.197).Q",0.0002950192134361716
healthy_vs_infected,"R.[304.207]E(T,116.016)YGEMAD(C,57.021)(C,57.021)A(K,304.207).Q",0.000289919714540585
healthy_vs_infected,"K.[304.207]FEGIA(C,57.021)E(I,-18.005).S",0.00028948587308939134
healthy_vs_infected,"K.[304.207]VHTE(C,57.021)(C,57.021)HGDLLE(C,57.021)ADDRA(D,-29.958).L",0.0002762368391260026
healthy_vs_infected,"K.[304.207]IDDIWNLE(V,-18.007).K",0.00027380730840304056
healthy_vs_infected,"I.[178.020]ADDG(C,57.021)P(K,304.207)PPEIAHGYVEHSVR.Y",0.00027354295696363327
healthy_vs_infected,"K.[304.207]SH(C,57.021)IAEVENDE(M,137.012)PADLPSLAADFVES(K,304.207).D",0.0002725076387408516
healthy_vs_infected,"K.[304.207]AVGD(K,304.207)LPE(C,73.019)EAV(C,57.021)G(K,304.207)P(K,304.207).N",0.0002670697908793282
healthy_vs_infected,"K.[304.207]W(C,57.021)ALSHHE(R,57.025).L",0.00026404874746106994
healthy_vs_infected,"K.[304.207]DI(C,57.021)EEQVNS(L,37.952)PGSIT(K,304.207).A",0.00026315789473684345
healthy_vs_infected,"K.[304.207]AV(M,53.945)DDFAAFVE(K,304.207).C",0.0002605210420841691
healthy_vs_infected,"K.[304.207]SDVVYT(D,-18.007)W(K,304.207).K",0.00025826446280991606
healthy_vs_infected,R.[304.207]YVGGQEHFAHLLILR.D,0.000257434077309854
healthy_vs_infected,"K.[304.207]SPVGVQPILNEHTF(C,57.021)AG(M,79.006)S(K,304.207).Y",0.00025730076928822185
healthy_vs_infected,"K.[304.207]LVNEVT(E,228.145)FA(K,304.207).T",0.0002549019607843099
healthy_vs_infected,"K.[304.207]DSAHGFL(K,277.144)VPPRMDA(K,304.207).M",0.0002535496957403641
healthy_vs_infected,"R.{17.033}[304.207]LYGSEAFATDFQDSAAA(K,304.207).K",0.0002521008403361237
healthy_vs_infected,"K.[304.207]SGTSASLAIS(G,15.018)LR.S",0.0002462255314325375
healthy_vs_infected,"K.[304.207]AVGD(K,304.207)LPE(C,-41.986)EAV(C,57.021)G(K,304.207).P",0.00024390243902438802
healthy_vs_infected,"K.[304.207]AGVETTTPS(K,261.111).Q",0.0002398789969985587
healthy_vs_infected,"N.[304.207](P,52.514)VQRILGGHLDA(K,304.207).G",0.00023569023569023603
healthy_vs_infected,"K.[304.207]ITEVALMGH(L,304.217)S(C,57.021)DT(K,304.207).E",0.00023442569759896104
healthy_vs_infected,"K.[304.207]DHSGQVF(S,304.215)VVSNG(K,304.207).A",0.00022000000000000134
healthy_vs_infected,"R.[304.207]VMPI(C,57.021)LPS(K,304.207)DYAEVGR.V",0.00020892000913311264
healthy_vs_infected,"R.[304.207]EIGELYLP(K,304.207)FSISR.D",0.0001710287800153972
healthy_vs_infected,"Q.[304.207](E,-32.072)PERNE(C,57.021)FLQH(K,304.207)DDNPNLPR.L",0.00017102878001539585
healthy_vs_infected,K.[304.207]ITPNLAEFAF.S,0.00016227180527383437
healthy_vs_infected,"R.[304.207]TEGDGVYTLN(D,-35.052)(K,304.207)(K,304.207).Q",0.00015757518912269414
healthy_vs_infected,"L.[304.207](C,-45.98)HPNSPLDEENLTQENQDR.G",0.00015655879446640483
healthy_vs_infected,"Q.[210.063]N(C,57.021)ELFEQLGEY(K,304.207).F",0.00014606741573033953
healthy_vs_infected,"P.[304.207]SPRVYTLNNE(K,304.207).Q",0.0001438109912686198
healthy_vs_infected,"K.[304.207]N(M,15.995)EVSVATTT(K,304.207).A",0.0001425198178444936
healthy_vs_infected,"R.[304.207]DEEL(S,304.213)(C,57.021)TVVEL(K,304.207).Y",0.00014119601328903953
healthy_vs_infected,"R.[304.207]SYS(C,57.021)QVTH(E,148.084)GSTVE(K,304.207).T",0.0001368321555565528
healthy_vs_infected,"R.[304.207]EDL(K,304.207)DDQ(K,304.207).E",0.000136131593874077
healthy_vs_infected,"K.[304.207]Y(K,304.207)EENDDFASFRVD(R,-65.982).I",0.00013513513513513533
healthy_vs_infected,"K.[304.207]AA(C,57.021)LLP(K,361.235)LDELRDEG(K,304.207).A",0.00013044334521930735
healthy_vs_infected,"R.[304.207](Y,-75.043)RPGTVALR.E",9.349198640116534e-05
healthy_vs_infected,"R.[304.207]DVGVV(C,57.021)SR.Y",9.112349914236472e-05
healthy_vs_infected,"K.{32.099}[304.207]YI(C,57.021)ENQDSISS(K,304.207).L",8.77262623054932e-05
healthy_vs_infected,"K.[304.207](K,375.234)QTALVELV(K,304.207).H",8.735150244584361e-05
healthy_vs_infected,"R.[304.207]SG(K,304.207)DPNHFRPAGLPE(K,304.207).Y",8.53904487250126e-05
healthy_vs_infected,"R.[304.207]LYGSEAFATDFQD(S,141.877)AAA(K,304.207)(K,304.207).L",8.503401360544541e-05
healthy_vs_infected,"R.[304.207]W(C,57.021)AV(S,100.021)EHEAT(K,304.207).C",8.499677300387155e-05
healthy_vs_infected,"K.[304.207]YV(M,59.949)LPVADQDQ(C,57.021)IR.H",8.403361344537937e-05
healthy_vs_infected,"K.[304.207]LVNEVTEFA(K,304.207)(T,1.121)(C,57.021)VA.D",8.167508167508464e-05
healthy_vs_infected,"R.[304.207]EFQVPTFTIP(K,304.207).L",8.155650319829516e-05
healthy_vs_infected,"H.[304.207]RF(K,190.162)DLGEENF(K,304.207).A",6.013676588898374e-05
healthy_vs_infected,"K.[304.207]LLDNWDSV(T,286.203)STFS(K,304.207).L",5.8976053688543865e-05
healthy_vs_infected,"D.[304.207](M,52.953)EQALSPSVF(K,304.207).A",5.6984695538914755e-05
healthy_vs_infected,"K.[304.207]QN(C,57.021)EL(F,-8.045)EQLGEY(K,304.207).F",2.759187507338804e-05
healthy_vs_infected,"K.[304.207]VTTSQDMLS(I,57.025)ME(K,304.207).L",2.745367192861899e-05
healthy_vs_infected,"K.[304.207]AVMDDFAAFV(E,28.035)(K,304.207).C",2.7034751241667936e-05
healthy_vs_infected,"K.[304.207]N(W,15.025)GLSVYAD(K,304.207)PETT(K,304.207).E",2.6157053289046472e-05
healthy_vs_infected,"K.{43.967}[304.207]QN(C,57.021)ELFEQLGEY(K,304.207).F",2.5456714547383117e-05
healthy_vs_infected,"T.[228.117]SIQDWVQ(K,304.207).T",2.5443997760927502e-05
healthy_vs_infected,"K.[304.207]LLDNWD(S,52.915)VTSTFS(K,304.207).L",2.5346071358939944e-05
healthy_vs_infected,"K.[304.207]ALENDPD(C,57.021)R.H",2.5125628140703498e-05
healthy_vs_infected,"K.[304.207](K,345.188)QTALVELV(K,304.207).H",2.5122879687293273e-05
healthy_vs_infected,"K.[304.207]QLVEIE(K,304.207)(V,256.192)VLHPNYHQVDIGLI(K,304.207)L(K,304.207).Q",2.508673858198355e-05
healthy_vs_infected,"K.[304.207]NMEVSVA(T,-36.018)T.T",2.4931747929877834e-05
healthy_vs_infected,K.[304.207]DLLLPQPDLR.Y,2.4711412179441265e-05
healthy_vs_infected,"R.[304.207]LPYTIITTPPL(K,304.207).D",2.4381888891128264e-05
healthy_vs_infected,"R.[304.207]VPQTD(M,-48.001)TFR.H",2.4213075060530365e-05
healthy_vs_infected,"R.[304.207]SDV(M,279.162)YTDW(K,304.207).K",2.4172699069286875e-05
healthy_vs_infected,"R.{17.030}[304.207]WSGQTAI(C,57.021)DNGAGY(C,57.021)SNPGIPIGTR.K",2.4105092955541844e-05
healthy_vs_infected,"T.[214.065]IFENLAN(K,304.207).A",2.405148485306775e-05
healthy_vs_infected,"R.[304.207]ETYGEMAD(C,203.811)(C,57.021)A(K,304.207).Q",2.3991275899674178e-05
healthy_vs_infected,"H.[304.207]TF(C,57.021)AG(M,16)S(K,304.207).Y",2.35288581445141e-05
healthy_vs_infected,"K.[304.207](C,57.021)(C,57.021)AAADPHE(C,213.128)YA(K,304.207).V",2.3373587845740287e-05
healthy_vs_infected,"K.[304.207]DIAPTLTLYVG(K,343.676).K",1.6142422285764776e-05
healthy_vs_infected,"R.[304.207]TVAAPSVFIF(P,94.059)PSDEQL(K,304.207).S",1.5685768108898205e-05
healthy_vs_infected,"R.[304.207]VGYVSG(W,31.994)GR.N",1.5441007504720542e-05
healthy_vs_infected,"K.[304.207]YI(C,57.021)ENQDSISS(K,219.139)L(K,304.207).E",1.4701951349904012e-05
healthy_vs_infected,"R.[304.207]TEGDGVY(T,43.97)LND(K,304.207).K",1.1470552619567262e-05
healthy_vs_infected,"K.[304.207]EFDHN(S,144.074)NIR.Y",1.0022846750088226e-17
healthy_vs_infected,"T.[304.207](F,-59.201)S(K,304.207)LREQLGPVTQEFWDNLE(K,304.207)ETEGLR.Q",7.901719388967714e-18
healthy_vs_infected,"K.[304.207]NHLQLEGLFFT(N,0.984)GEHTS(K,304.207).A",6.10622663543836e-18
healthy_vs_infected,"K.{290.152}[304.207]AGVETTTPS(K,304.207)QSNN.K",5.755892051895127e-18
healthy_vs_infected,"K.[304.207]TYETTLE(K,334.308)(C,57.021)(C,57.021)AAA.D",5.74157993299388e-18
healthy_vs_infected,"K.[304.207](S,143.085)LHTLFGD(K,304.207).L",5.405580269710495e-18
healthy_vs_infected,"K.[304.207](D,227.17)LATVYVDVL(K,304.207)DSGR.D",5.163828021512355e-18
healthy_vs_infected,"K.[304.207]LYHSEAFT(V,-7.399)NFGDTEEA.K",4.229546325250493e-18
healthy_vs_infected,"-.[304.207](Q,-17.027)N(C,57.021)ELFEQLGEY(K,304.207).F",4.089153885761986e-18
healthy_vs_infected,"K.[304.207]SLV(C,57.021)NGDSD(C,57.021)DEDSADEDR.C",3.651676112729053e-18
healthy_vs_infected,R.[304.207]GTLLALER.K,3.467537317342953e-18
healthy_vs_infected,"R.[304.207]VAQ(C,57.021)SQ(K,304.207)P(C,57.021)EDS(C,57.021)R.S",3.314470533673307e-18
healthy_vs_infected,"R.[304.207]FFGHGAED(S,335.208)LADQAANEWGR.S",3.210785836474633e-18
healthy_vs_infected,"K.[304.207]VTSIQD(W,84.904)VQ(K,304.207).T",3.133210426363046e-18
healthy_vs_infected,"K.{15.002}[304.207]AVGD(K,304.207)LPE(C,57.021)EADDG(C,57.021)P(K,304.207)PPEIAHGYVEHSVR.Y",2.5232341468753547e-18
healthy_vs_infected,"K.[209.029]LPE(C,57.021)EADDG(C,57.021)P(K,304.207)PPEIAHGYVEHSVR.Y",2.4231058077136336e-18
healthy_vs_infected,"R.[304.207]I(K,304.207)VTTSQD(M,31.998)LSIME(K,304.207).L",2.3079521492934643e-18
healthy_vs_infected,"R.[304.207]T(E,15.018)GDGVYTLNNE(K,304.207).Q",2.3073515663265528e-18
healthy_vs_infected,"K.[304.207]VTSIQDW(V,-18.011)Q(K,304.207).T",2.201086737328623e-18
healthy_vs_infected,"R.[304.207]LLDSL(P,21.986)SDTR.L",2.1608974028207188e-18
healthy_vs_infected,"N.[304.207](E,-71.398)HTF(C,57.021)AGMS(K,304.207).Y",2.15531340793577e-18
healthy_vs_infected,"R.[304.207]LLPHANEV(S,304.214)Q(K,304.207).I",1.96699177332048e-18
healthy_vs_infected,"K.[304.207]GSFP(W,13.978)QA(K,304.207).M",1.923772677001036e-18
healthy_vs_infected,"K.[304.207]AVLDVFEEG(T,303.216)EASAATAV(K,304.207).I",1.920197055169295e-18
healthy_vs_infected,"K.[304.207]LVAAS(Q,304.208)AALGL.-",1.8777556441863137e-18
healthy_vs_infected,"K.[304.207]AVGD(K,304.207)LPE(C,57.021)EAV(C,39.015).G",1.842273800891488e-18
healthy_vs_infected,"K.[304.207]LVAASQ(A,21.98)ALGL.-",1.7804621656970927e-18
healthy_vs_infected,"K.[304.207]T(C,57.021)VADESAEN(C,86.044)D(K,304.207)SLH.T",1.420560956705418e-18
healthy_vs_infected,"K.[304.207]GSFP(W,47.988)QA(K,304.207).M",1.1657341758564137e-18
healthy_vs_infected,"E.[302.115]GDGVYTLNNE(K,304.207).Q",1.1511334029150274e-18
healthy_vs_infected,"C.[304.207]L(P,29.617)S(K,304.207)DYAEVGR.V",1.0573552615477673e-18
healthy_vs_infected,"K.[304.207]VTSIQDWVQ(K,304.207).T",8.77830369391612e-19
healthy_vs_infected,"K.{56.932}[304.207]AEFAEVS(K,304.207).L",4.856618655403138e-19
healthy_vs_infected,"R.[304.207]FFGHGAEDSLADQA(A,318.196)NEWGR.S",0.0
healthy_vs_infected,"R.[304.207]FFGHGAED(S,308.212)LADQAANEWGR.S",0.0
healthy_vs_infected,"R.[304.207]FFGHGAED(S,304.212)LADQAANEWGR.S",0.0
healthy_vs_infected,"K.[304.207]DF(T,304.212)(C,57.021)VHQAL(K,304.207).G",0.0
healthy_vs_infected,"K.[304.207]TNLESIL(S,-18.007)Y.P",0.0
healthy_vs_infected,"K.[304.207](K,178.104)YTYETTLE(K,304.207).C",0.0
healthy_vs_infected,"K.[304.207]TNLESIL(S,87.982)YP(K,304.207).D",0.0
healthy_vs_infected,"-.[304.207](L,73.022)TFGGGT(K,304.207).V",0.0
healthy_vs_infected,"K.[304.207]AVLDVFEEGTEASA(A,83.038).T",0.0
healthy_vs_infected,"K.[304.207]AVLDVFEEGTEA(S,-6.685)AATAV(K,304.207)ITLL.S",0.0
healthy_vs_infected,K.[304.207]GNFHAVYR.D,0.0
healthy_vs_infected,"K.[304.207]TNLESI(L,-18.008)S.Y",0.0
healthy_vs_infected,"K.[304.207]AVLDVFE(E,-18.011).G",0.0
healthy_vs_infected,"H.[176.142]RF(K,304.207)DLGEENF(K,304.207).A",0.0
healthy_vs_infected,"G.[186.064]TEASAATAV(K,304.207).I",0.0
healthy_vs_infected,"K.[304.207]AVLDVFEEGTEA(S,-18.008)AATAV(K,304.207).I",0.0
healthy_vs_infected,"K.[304.207]QEDDLANINQWV(K,304.207).E",0.0
healthy_vs_infected,"E.[304.207]LLGGPSVFLFPP(K,304.207)P(K,304.207).D",0.0
healthy_vs_infected,K.[304.207]AVLDVFEEG.T,0.0
healthy_vs_infected,"R.[304.207]ESLLN(H,57.028)FLYEVAR.R",0.0
healthy_vs_infected,"K.[304.207]SPPGV(C,57.021)SR.D",0.0
healthy_vs_infected,"K.[304.207]AVLDVFEEGTEASAA(T,-16.152)AV(K,304.207)ITLLSA.L",0.0
healthy_vs_infected,"R.[304.207]RHPYFYAPELL(F,-21.999).F",0.0
healthy_vs_infected,"R.[304.207]RHPYFYAPELL(F,-55.747)FA(K,304.207).R",0.0
healthy_vs_infected,"R.[304.207](Y,-49.968)(K,304.207)AAFTE(C,57.021)(C,57.021)QAAD(K,304.207).A",0.0
healthy_vs_infected,"K.[304.207](A,71.039)AFTE(C,57.021)(C,57.021)QAAD(K,304.207).A",0.0
healthy_vs_infected,"R.[304.207]FFGHGAEDSLADQAANE(W,31.996)GR.S",0.0
healthy_vs_infected,"R.[304.207]FFGHGAED(S,21.984)LADQAANEWGR.S",0.0
healthy_vs_infected,R.{52.915}[304.207]FFGHGAEDSLADQAANEWGR.S,0.0
healthy_vs_infected,A.[304.207]DQAANEWGR.S,0.0
healthy_vs_infected,"R.[304.207]FFGHGAEDSLADQAANE(W,29.983)GR.S",0.0
healthy_vs_infected,K.[304.207]DPNHFRPA.G,0.0
healthy_vs_infected,"K.[304.207](Q,201.536)WIN(K,304.207)AVGD(K,304.207)LPE(C,57.021)EAGATLINEQWLLTTA(K,304.207).N",0.0
healthy_vs_infected,"R.[304.207]NP(N,-17.025)PSAPR.E",0.0
healthy_vs_infected,"E.[304.207](V,-34.22)AHRF(K,304.207)DLGEENF(K,304.207).A",0.0
healthy_vs_infected,"K.[304.207]VATTVIS(K,304.207).M",0.0
healthy_vs_infected,R.[304.207]QFVTATDVVR.G,0.0
healthy_vs_infected,"G.[212.082]D(C,57.021)PVQSG(K,304.207).T",0.0
healthy_vs_infected,"R.[304.207]TE(G,22.001)DVYTLNNE(K,304.207).Q",0.0
healthy_vs_infected,"R.[304.207]RHPYFYAPELL(F,-45.996).F",0.0
healthy_vs_infected,"R.[304.207]RHPYFYAPE(L,-18.008).L",0.0
healthy_vs_infected,"V.[304.207]TISWTRQNGEAV(K,304.207).T",0.0
healthy_vs_infected,"K.[304.207]NTLYLQM(N,-27.005)SL(K,304.207).T",0.0
healthy_vs_infected,"R.[304.207]YLYEIAR(R,118.093)HPYFYAPELLFFA(K,304.207)R.Y",0.0
healthy_vs_infected,R.[304.207]AQYEEIAQR.S,0.0
healthy_vs_infected,"R.[304.207]AEDT(A,-12.03)VYY(C,57.021)AR.-",0.0
healthy_vs_infected,K.[304.207]RGPGGVWAAEAISDAR.E,0.0
healthy_vs_infected,"K.[304.207](L,71.042)VNEVTEFA(K,304.207).T",0.0
healthy_vs_infected,"K.[304.207](S,171.063)LHTLFGD(K,304.207).L",0.0
healthy_vs_infected,"K.[304.207]L(C,57.021)TVAT(L,-45.017)R.E",0.0
healthy_vs_infected,"K.[304.207]LVNEVTE(F,-64.345).A",0.0
healthy_vs_infected,"K.[304.207](Q,42.051)EPERNE(C,57.021)FLQH(K,304.207).D",0.0
healthy_vs_infected,K.[304.207]LCTVATLR.E,0.0
healthy_vs_infected,"R.[304.207]E(C,57.021)NNPAPQR.G",0.0
healthy_vs_infected,"D.[304.207](H,-73.056)V(K,304.207)LVNEVTEFA(K,304.207).T",0.0
healthy_vs_infected,"R.[304.207](P,146.06)EVDVM(C,57.021)TAFHDNEETFL(K,304.207)(K,304.207).Y",0.0
healthy_vs_infected,"E.[304.207](P,-19.106)ERNE(C,57.021)FLQH(K,304.207)DDNPNLPR.L",0.0
healthy_vs_infected,"R.[304.207]ETYGE(M,59.187)AD(C,57.021)(C,57.021)A(K,304.207).Q",0.0
healthy_vs_infected,"R.{42.969}[304.207]ETYGEMAD(C,57.021)(C,57.021)A(K,304.207).Q",0.0
healthy_vs_infected,"K.[304.207]VDNALQSGNSQ(E,42.967)SVTEQDS(K,304.207).D",0.0
healthy_vs_infected,"R.[304.207]ITQDAQL(K,304.207).S",0.0
healthy_vs_infected,"K.[304.207]LN(N,-17.023)GEITQHR.K",0.0
healthy_vs_infected,"R.[289.027]GSSVIH(C,57.021)DADS(K,304.207).W",0.0
healthy_vs_infected,"R.[304.207]GSSVIH(C,57.021)DADS(K,304.207)(W,4.086)N.P",0.0
healthy_vs_infected,"E.[304.207](C,28.639)FLQH(K,304.207)DDNPNLPR.L",0.0
healthy_vs_infected,"K.[304.207]ATVLNYL(P,-18.0099).K",0.0
healthy_vs_infected,"K.[304.207]ATVLN(Y,21.983)LP(K,304.207).C",0.0
healthy_vs_infected,"R.[304.207]VEPYGENFN(K,304.207).A",0.0
healthy_vs_infected,"R.[304.207](R,133.475)RVEPYGENFN(K,304.207).A",0.0
healthy_vs_infected,"K.[304.207](S,304.212)LAELGGHLDQQVEEFR.R",0.0
healthy_vs_infected,"R.[304.207]ISASAEELR(Q,28.046).R",0.0
healthy_vs_infected,"K.[304.207]LNHQLEGLTF(Q,15.013)M(K,304.207).K",0.0
healthy_vs_infected,"R.[304.207]ENADSLQASLRPHADEL(K,304.207).A",0.0
healthy_vs_infected,"K.[304.207]L(C,57.021)TVATLR.E",0.0
healthy_vs_infected,"K.[304.207](C,57.021)ASLQ(K,361.231)FGER.A",0.0
healthy_vs_infected,"K.[304.207](S,40.984)LHTLFGD(K,304.207).L",0.0
healthy_vs_infected,"H.[304.207](K,264.062)DDNPNLPR.L",0.0
healthy_vs_infected,"K.[304.207](Q,15.309)EPERNE(C,57.021)FLQH(K,304.207)DDNPNLPR.L",0.0
healthy_vs_infected,"K.[304.207]SLHTLFGD(K,304.207).L",0.0
healthy_vs_infected,"K.[304.207]T(C,57.021)NSGTQSR.H",0.0
healthy_vs_infected,"K.{308.114}[304.207]T(C,57.021)NSGTQSR.H",0.0
healthy_vs_infected,R.[304.207]ATVNPSAPR.C,0.0
healthy_vs_infected,"K.[304.207]SELTQQLNALFQD(K,304.207).L",0.0
healthy_vs_infected,"K.[304.207]AWQD(C,57.021)G(M,15.998)R.I",0.0
healthy_vs_infected,"K.[304.207]ASTPNGYDNGIIWATW(K,304.207).T",0.0
healthy_vs_infected,"R.[304.207]TSTADYA(M,15.998)F(K,304.207).V",0.0
healthy_vs_infected,"K.{26.968}[304.207]LVNEVTEFA(K,304.207).T",0.0
healthy_vs_infected,"K.[304.207]TNLESI(L,-36.018)S.Y",0.0
healthy_vs_infected,"R.[304.207]F(K,304.207)DLGEENF(K,304.207)A(L,-28.013).V",0.0
healthy_vs_infected,"R.{26.958}[304.207]F(K,304.207)DLGEENF(K,304.207).A",0.0
healthy_vs_infected,"F.[304.207](K,293.1)DLGEENF(K,304.207).A",0.0
healthy_vs_infected,"R.[304.207]PSPPT(C,57.021)E(K,304.207).I",0.0
healthy_vs_infected,"K.[304.207]AGVETTTPS(K,448.258)QSNN(K,304.207).Y",0.0
healthy_vs_infected,"K.{100.062}[304.207]SLHTLFGD(K,304.207).L",0.0
healthy_vs_infected,"K.[304.207]SLHTLFGD(K,348.1999).L",0.0
healthy_vs_infected,"V.[304.207](K,304.207)LVNEVTEFA(K,304.207).T",0.0
healthy_vs_infected,"R.{33.014}[304.207]ETYGEMAD(C,57.021)(C,57.021)A(K,304.207).Q",0.0
healthy_vs_infected,"K.[304.207]D(D,-9.869)NPNLPR.L",0.0
healthy_vs_infected,"K.[304.207]L(C,-0.962)TVATLR.E",0.0
healthy_vs_infected,"K.[304.207](T,-13.036)(C,57.021)VADESAEN(C,57.021)D(K,304.207).S",0.0
healthy_vs_infected,"K.[304.207]AGVETTTPS(K,304.207)QSN(N,243.181).K",0.0
healthy_vs_infected,"K.[304.207](K,304.207)WWTQAQAHDLVI(K,304.207).S",0.0
healthy_vs_infected,"K.[304.207]VTSIQHWVQ(K,304.207).T",0.0
healthy_vs_infected,"K.[304.207]SPVGVQPILNEHT(F,9.943)(C,57.021)VGMS(K,304.207).Y",0.0
healthy_vs_infected,"K.[304.207]VVLHPN(Y,254.186)HQVDIGLI(K,304.207).L",0.0
healthy_vs_infected,"K.[304.207]VVLHPNYHQVDIGLI(K,304.207).L",0.0
healthy_vs_infected,"F.[304.207]ALAGNQD(K,304.207).R",0.0
healthy_vs_infected,"R.[304.207]TVAAPSVFI(F,-61.335)PPSDEQL(K,304.207).S",0.0
healthy_vs_infected,R.[304.207]VELEDWNGR.T,0.0
healthy_vs_infected,"R.[304.207]TGDIVEFV(C,57.021)(K,304.207).S",0.0
healthy_vs_infected,"-.[304.207](Y,43.006)EPGEEITYS(C,57.021)(K,304.207)PGYVSR.G",0.0
healthy_vs_infected,"K.{37.947}[304.207]AVLTIDE(K,304.207).G",0.0
healthy_vs_infected,"K.[304.207]AVLTID(E,-18.006)(K,304.207).G",0.0
healthy_vs_infected,"D.[244.072]PQGDAAQ(K,304.207).T",0.0
healthy_vs_infected,"D.[226.062]PQGDAAQ(K,304.207).T",0.0
healthy_vs_infected,"K.[304.207]AGVETTTPS(K,177.07)QSNN(K,304.207).Y",0.0
healthy_vs_infected,"R.[304.207]GYSIFSYA(T,44.951)(K,304.207).R",0.0
healthy_vs_infected,"R.[304.207]GYSIFSYA(T,-18.007)(K,304.207).R",0.0
healthy_vs_infected,"R.[304.207]YLQEIYNSNNQ(K,304.207).I",0.0
healthy_vs_infected,"R.{52.917}[304.207]VMPI(C,57.021)LPS(K,304.207)DYAEVGR.V",0.0
healthy_vs_infected,"R.[304.207]VGYVSG(W,-97.065)GR.N",0.0
healthy_vs_infected,"R.[304.207]HYEGSTVP(E,15.018)(K,304.207).K",0.0
healthy_vs_infected,"R.[304.207]HYEG(S,304.205)TVPE(K,304.207).K",0.0
healthy_vs_infected,"K.[304.207]YVMLPVA(D,37.956)QDQ(C,57.021)IR.H",0.0
healthy_vs_infected,"R.[304.207]HYEGSTVPE(K,489.328).K",0.0
healthy_vs_infected,"K.[304.207]EGYYG(Y,43.967)TGAFR.C",0.0
healthy_vs_infected,"K.[304.207]V(C,57.021)EGAA(C,57.021)(K,304.207).C",0.0
healthy_vs_infected,"K.[304.207]DI(C,57.021)EEQVN(S,21.986)LPGSIT(K,304.207).A",0.0
healthy_vs_infected,"R.[304.207](K,304.207)VTEEN(K,304.207)ELANELR.R",0.0
healthy_vs_infected,"K.[304.207]ESASL(M,-48.001)VDR.I",0.0
healthy_vs_infected,K.[304.207]MENAELDVPIQSVFTR.D,0.0
healthy_vs_infected,"R.[304.207]GSGGGS(S,-18.01)GGSIGGR.G",0.0
healthy_vs_infected,"R.[304.207]VGYVSG(W,-2.011)GR.N",0.0
healthy_vs_infected,"K.[304.207]N(W,16.003)GLSVYAD(K,304.207)PETT(K,304.207).E",0.0
healthy_vs_infected,"N.[304.207]DE(K,304.207)NWGLSVYAD(K,304.207)PETT(K,304.207).E",0.0
healthy_vs_infected,"R.[304.207]YVGGQE(H,52.917)FAHLLILR.D",0.0
healthy_vs_infected,S.[193.087]RYVGGQEHFAHLLILR.D,0.0
healthy_vs_infected,"K.[304.207]T(M,15.995)QENSTPR.E",0.0
healthy_vs_infected,"K.[304.207]GTEAAGA(M,15.9999).F",0.0
healthy_vs_infected,"K.[304.207]IN(N,0.984)QLTLDSNT(K,304.207).Y",0.0
healthy_vs_infected,"K.[304.207]SNTVASLHTE(K,304.207).N",0.0
healthy_vs_infected,"K.[304.207]SVIPSDGPSVA(C,73.021)V(K,304.207).K",0.0
healthy_vs_infected,"K.[304.207]SVI(P,100.02)SDGPSVA(C,57.021)V(K,304.207).K",0.0
healthy_vs_infected,"K.[304.207]VEET(C,57.021)G(C,57.021)R.W",0.0
healthy_vs_infected,"R.[304.207]YL(S,304.215)DHSFLVSQGDR.E",0.0
healthy_vs_infected,K.[304.207]AFVVDMMER.L,0.0
healthy_vs_infected,"R.{101.701}[304.207]VMPI(C,57.021)LPS(K,304.207)DYAEVGR.V",0.0
healthy_vs_infected,"R.[304.207]ENGYE(C,57.021)EWR.Y",0.0
healthy_vs_infected,"K.[304.207]RPM(K,304.207)DETHFEVVESGR.Y",0.0
healthy_vs_infected,"R.[304.207]D(C,57.021)NT(C,57.021)I(C,57.021)R.N",0.0
healthy_vs_infected,"K.[304.207]EYLGAI(C,57.021)S(C,57.021)T(C,57.021)FGGQRG(W,-94.991)R.C",0.0
healthy_vs_infected,R.{17.029}[304.207]GGSTSYGTGSETESPR.N,0.0
healthy_vs_infected,"K.[304.207]IPGT(C,57.021)(C,57.021)DT(C,57.021)EEPE(C,57.021)NDITAR.L",0.0
healthy_vs_infected,"K.[304.207]TT(C,57.021)NP(C,57.021)PLGY(K,304.207)EENNTGE(C,57.021)(C,57.021)GR.C",0.0
healthy_vs_infected,"R.[304.207](K,304.207)TT(C,57.021)NP(C,57.021)PLGY(K,304.207)EENNTGE(C,57.021)(C,57.021)GR.C",0.0
healthy_vs_infected,"R.[304.207]GLRPS(C,57.021)PNSQSPV(K,304.207)VEET(C,57.021)G(C,57.021)R.W",0.0
healthy_vs_infected,"K.[304.207]AFVVD(M,16)MER.L",0.0
healthy_vs_infected,"K.[304.207]WQEE(M,-47.999)ELYR.Q",0.0
healthy_vs_infected,"K.[304.207]LLDNWDSVTSTFS(K,304.207).L",0.0
healthy_vs_infected,"K.[304.207]LLDNWDSV(T,56.48)STFS(K,304.207).L",0.0
healthy_vs_infected,"K.[304.207]LLDNWDSV(T,321.211)STFS(K,304.207).L",0.0
healthy_vs_infected,"R.[304.207]LGMFNIQH(C,57.021)(K,304.207).K",0.0
healthy_vs_infected,"K.[304.207]TDTSH(H,13.985)DQDHPTFN(K,304.207).I",0.0
healthy_vs_infected,"K.[304.207]ITPNLAEF(A,219.151)FSLYR.Q",0.0
healthy_vs_infected,"K.[304.207]TDTSHHDQDH(P,304.211)TFN(K,304.207).I",0.0
healthy_vs_infected,"R.[304.207]YVGGQE(H,37.949)FAHLLILR.D",0.0
healthy_vs_infected,"R.[304.207]QGLLPVLE(S,215.107)F(K,304.207).V",0.0
healthy_vs_infected,"K.[199.162]ENGGARLAEYHA(K,304.207).A",0.0
healthy_vs_infected,"R.{17.032}[304.207]TLADLTLLDSPI(K,304.207).V",0.0
healthy_vs_infected,K.[304.207]IGVELTGR.T,0.0
healthy_vs_infected,K.[304.207]QTVNLQLQPY.S,0.0
healthy_vs_infected,"H.[304.207](K,304.207)AVLTIDE(K,304.207).G",0.0
healthy_vs_infected,"K.{52.085}[304.207]VFSNGADLSGVTEEAPL(K,304.207).L",0.0
healthy_vs_infected,"K.[304.207]VFSNGAD(L,-18.008)S.G",0.0
healthy_vs_infected,"Q.[304.207](L,60.37)GIT(K,304.207)VFSNGADLSGVTEEAPL(K,304.207).L",0.0
healthy_vs_infected,"R.[304.207]Q(K,304.207)VEPLRAELQEGAR.Q",0.0
healthy_vs_infected,R.{31.993}[304.207]YVGGQEHFAH.L,0.0
healthy_vs_infected,"C.[304.207](A,51.443)NLVPVPITNATLDQITG(K,304.207).W",0.0
healthy_vs_infected,"K.[304.207]SASDLTWDNL(K,304.207).G",0.0
healthy_vs_infected,"K.[304.207]IMNGEADAM(S,304.217)LDGGFVYIAG(K,304.207).C",0.0
healthy_vs_infected,"R.{16.004}[304.207]L(K,304.207)(C,57.021)DEWSVNSVG(K,304.207).I",0.0
healthy_vs_infected,"K.[304.207](C,57.021)DEWS(V,304.214)NSVG(K,304.207).I",0.0
healthy_vs_infected,K.[304.207]DNVFDGLVR.V,0.0
healthy_vs_infected,"F.[304.207]YEALD(C,57.021)LR.I",0.0
healthy_vs_infected,"K.[304.207]A(K,304.207)PALEDLR.Q",0.0
healthy_vs_infected,"K.[304.207]LLDNWDS(V,-36.013).T",0.0
healthy_vs_infected,"K.[304.207]DSAHGFL(K,265.104)VPPRMDA(K,304.207).M",0.0
healthy_vs_infected,"K.[304.207]DLLF(K,304.207)DSAHGFL(K,304.207).V",0.0
healthy_vs_infected,"R.{304.231}[304.207]IYSLWEHST(K,304.207).N",0.0
healthy_vs_infected,"K.[304.207]IDDIWNL(E,-17.014)V(K,304.207).E",0.0
healthy_vs_infected,"R.[304.207]EY(S,304.21)GTIASEANTYLNS(K,304.207).S",0.0
healthy_vs_infected,"K.[304.207]VFSNGADLSGVTE(E,21.981)APL(K,304.207)LS(K,304.207).A",0.0
healthy_vs_infected,"K.[304.207](V,20.293)EPLRAELQEGAR.Q",0.0
healthy_vs_infected,"G.[185.085]LLPVLESF(K,304.207).V",0.0
healthy_vs_infected,"K.{233.842}[304.207]NWGLSVYAD(K,304.207).P",0.0
healthy_vs_infected,"R.{52.908}[304.207]LYGSEAFATDFQDSAAA(K,304.207).K",0.0
healthy_vs_infected,"R.[304.207]TLNQSSDELQLSMGNAMFV(K,304.207).E",0.0
healthy_vs_infected,"C.[304.207]HPNSPLDEENLT(Q,0.984)ENQDR.G",0.0
healthy_vs_infected,C.{52.916}[304.207]HPNSPLDEENLTQENQDR.G,0.0
healthy_vs_infected,"E.[304.207](N,-22.58)LTQENQDR.G",0.0
healthy_vs_infected,"C.[304.207]HPNSPLDEEN(L,79.972)TQENQDR.G",0.0
healthy_vs_infected,"Y.[304.207]FRDEELS(C,57.021)TVVE(L,21.988)(K,304.207).Y",0.0
healthy_vs_infected,K.[304.207]WEMPFDPQDTHQSR.F,0.0
healthy_vs_infected,"A.[304.207]NED(K,304.207)DPAFTALLTTQTQVQR.E",0.0
healthy_vs_infected,"K.[304.207]A(K,304.207)WEMPFDPQDTHQ(S,15.015)R.F",0.0
healthy_vs_infected,"R.[304.207]LYGSEAFATDFQDSAAA(K,304.207).K",0.0
healthy_vs_infected,"R.[304.207]LYGSEAF(A,214.097)TDFQDSAAA(K,304.207).K",0.0
healthy_vs_infected,"R.[304.207]LYGSEAFATD(F,37.949)QDSAAA(K,304.207).K",0.0
healthy_vs_infected,"R.[304.207]LYGSEAFAT(D,21.993)FQDSAAA(K,304.207).K",0.0
healthy_vs_infected,"E.[187.057]ANYIGSD(K,304.207).Y",0.0
healthy_vs_infected,"R.[304.207]EANYIG(S,304.212)D(K,304.207)YFHAR.G",0.0
healthy_vs_infected,"K.[304.207](L,-14.015)NSDGSHS(K,304.207).G",0.0
healthy_vs_infected,"K.[304.207]AGVETTTPS(K,304.207)QS(N,0.984)N(K,304.207).Y",0.0
healthy_vs_infected,"K.[304.207]A(K,304.207)WE(M,15.995)PFDPQDTHQSR.F",0.0
healthy_vs_infected,"P.[304.207](K,176.112)DFT(C,57.021)VHQAL(K,304.207).G",0.0
healthy_vs_infected,"K.[304.207](K,304.207)VETNMAFSPF.S",0.0
healthy_vs_infected,"K.{156.252}[304.207]VATTVIS(K,304.207).M",0.0
healthy_vs_infected,"K.{52.915}[304.207]AVLDVFEEGTEASAATAV(K,304.207).I",0.0
healthy_vs_infected,"R.[304.207]NLAV(S,304.209)QVVH(K,304.207).A",0.0
healthy_vs_infected,"R.[304.207]EIGELY(L,13.453)P(K,304.207).F",0.0
healthy_vs_infected,"R.[304.207]EIGELYL(P,32.04)(K,304.207)FSISRDYNLNDILL.Q",0.0
healthy_vs_infected,"R.[304.207]EIGELYLP(K,304.207).F",0.0
healthy_vs_infected,"R.[304.207]LYGSEAFATDFQ(D,35.317)SAAA(K,304.207)(K,304.207).L",0.0
healthy_vs_infected,"R.[304.207]LLDSLPSD(T,15.016)R.L",0.0
healthy_vs_infected,"C.[304.207]HPNSPLDE(E,52.916)NLTQENQDR.G",0.0
healthy_vs_infected,D.[304.207]EENLTQENQDR.G,0.0
healthy_vs_infected,"K.[304.207]SGSD(E,34.075)VQVGQQR.T",0.0
healthy_vs_infected,"K.[304.207]ATVLNYLP(K,304.207)(C,57.021)IRV.S",0.0
healthy_vs_infected,"K.[304.207]DI(C,57.021)EEQVNS(L,-36.017).P",0.0
healthy_vs_infected,"K.[304.207]DI(C,57.021)EEQV(N,-18.009)S.L",0.0
healthy_vs_infected,"S.[304.207](T,-17.094)WLTAYVV(K,304.207).V",0.0
healthy_vs_infected,"R.[304.207]RHQQTVTIPP(K,304.207).S",0.0
healthy_vs_infected,"K.[304.207](M,15.995)EEVEAMLLPETL(K,304.207)R.W",0.0
healthy_vs_infected,"K.[304.207]GTYGLS(C,113.067)QRDPNTGR.L",0.0
healthy_vs_infected,"K.[304.207]ADSVVDLLSYNVQGSGETTYDH(K,304.207).N",0.0
healthy_vs_infected,"K.[304.207](K,304.207)VEGTAFVIFGIQDG(E,-18.002)QR.I",0.0
healthy_vs_infected,"K.[304.207](K,304.207)(V,21.989)EGTAFVIFGIQDGEQR.I",0.0
healthy_vs_infected,K.{17.047}[304.207]ISEGLPALEFPN.E,0.0
healthy_vs_infected,"R.[304.207](K,304.207)(C,57.021)HT(C,57.021)QNGGTVIL(M,162.06)DG(K,304.207).C",0.0
healthy_vs_infected,"K.[304.207]ALPTTYE(K,304.207).G",0.0
healthy_vs_infected,"K.[304.207]AEQ(C,57.021)(C,57.021)EETASSISLHG(K,304.207).G",0.0
healthy_vs_infected,"K.{15.018}[304.207]MEEVEAMLLPETL(K,304.207)R.W",0.0
healthy_vs_infected,"E.[304.207](H,25.905)YEEQIEAF(K,304.207).S",0.0
healthy_vs_infected,"K.[304.207]SVI(P,52.916)SDGPSVA(C,57.021)V(K,304.207).K",0.0
healthy_vs_infected,"V.[304.207](K,331.905)(K,304.207)ASYLD(C,57.021)IR.A",0.0
healthy_vs_infected,"V.[212.086]IPSDGPSVA(C,57.021)V(K,304.207).K",0.0
healthy_vs_infected,"R.[304.207]LNGEIQALELPQ(K,304.207).A",0.0
healthy_vs_infected,K.[304.207]QHIEAIDVR.V,0.0
healthy_vs_infected,"R.[304.207]W(C,57.021)AV(S,144.073)EHEAT(K,304.207).C",0.0
healthy_vs_infected,"R.[304.207]W(C,57.021)AV(S,232.059)EHEAT(K,304.207).C",0.0
healthy_vs_infected,"R.[304.207]SLDFTELDVAAE(K,304.207)IDR.F",0.0
healthy_vs_infected,"K.[304.207]AEQ(C,57.021)(C,57.021)EETASSI(S,304.213)LHG(K,304.207).G",0.0
healthy_vs_infected,"E.[304.207]A(M,326.681)LLPETL(K,304.207)R.W",0.0
healthy_vs_infected,"K.[304.207](M,57.025)EEVEAMLLPETL(K,304.207)R.W",0.0
healthy_vs_infected,"Y.[304.207]FRDEELS(C,57.021)TVVEL(K,304.207).Y",0.0
healthy_vs_infected,K.[304.207]FQPTLLTLPR.I,0.0
healthy_vs_infected,"K.[304.207]HRLED(M,16.005)EQALSPSVF(K,304.207).A",0.0
healthy_vs_infected,"K.[304.207]HRLEDMEQALSPSVF(K,304.207).A",0.0
healthy_vs_infected,"E.[304.207](D,-46.08)MEQALSPSVF(K,304.207).A",0.0
healthy_vs_infected,"R.[304.207](M,15.995)ELERPGGNEITR.G",0.0
healthy_vs_infected,"R.[304.207]EFQVPTF(T,-36.015)I.P",0.0
healthy_vs_infected,"R.{16.004}[304.207]Q(C,57.021)VPTEP(C,57.021)EDAEDD(C,57.021)GNDFQ(C,57.021)STGR.C",0.0
healthy_vs_infected,"R.[304.207]VAWHYDEE(K,304.207).I",0.0
healthy_vs_infected,"A.[304.207](E,-51.966)ARSEILAHWSPA(K,304.207).L",0.0
healthy_vs_infected,"R.[304.207]TLQGIPQ(M,15.995)IGEVIR.K",0.0
healthy_vs_infected,"R.[304.207](C,57.021)QFFTYSLLPED(C,57.021)(K,304.207)EE(K,304.207).C",0.0
healthy_vs_infected,R.{127.616}[304.207]VVEESELARTAGYGI.N,0.0
healthy_vs_infected,"R.[304.207](C,57.021)NGDND(C,57.021)GDFSDEDD(C,57.021)ESEPRPP(C,57.021)R.D",0.0
healthy_vs_infected,"R.[304.207]Q(C,57.021)VPTEP(C,57.021)EDAEDD(C,57.021)GNDFQ(C,57.021)STGR.C",0.0
healthy_vs_infected,"R.{17.032}[304.207]Q(C,57.021)VPTEP(C,57.021)EDAEDD(C,57.021)GNDFQ(C,57.021)STGR.C",0.0
healthy_vs_infected,"R.{52.916}[304.207]Q(C,57.021)VPTEP(C,57.021)EDAEDD(C,57.021)GNDFQ(C,57.021)STGR.C",0.0
healthy_vs_infected,"K.{303.215}[304.207]ASGSLPYTQTLQDHLNSL(K,304.207).E",0.0
healthy_vs_infected,"R.[304.207](V,189.051)YTLNNE(K,304.207).Q",0.0
healthy_vs_infected,"K.[304.207]AVGD(K,304.207)LPE(C,57.021)EAD(D,21.97)G(C,57.021)P(K,304.207)PPEIAHGYVEHSVR.Y",0.0
healthy_vs_infected,"K.{15.002}[304.207]LPE(C,57.021)EADDG(C,57.021)P(K,304.207)PPEIAHGYVEHSVR.Y",0.0
healthy_vs_infected,"K.[304.207]AVGD(K,304.207)LPE(C,57.021)EADDG(C,57.021)P(K,198.716).P",0.0
healthy_vs_infected,"K.[304.207]AVGD(K,304.207)LPE(C,57.021)EADDG(C,57.021)P(K,197.06).P",0.0
healthy_vs_infected,"R.[304.207]TEGDGVYTLN(N,-17.018)E(K,304.207).Q",0.0
healthy_vs_infected,"R.[304.207]TEGDGV(Y,63.919)TLNNE(K,304.207).Q",0.0
healthy_vs_infected,"R.[304.207]TEGDGVYT(L,43.971)NNE(K,304.207).Q",0.0
healthy_vs_infected,"R.[304.207]LA(K,361.235)TYETTLE(K,304.207).C",0.0
healthy_vs_infected,"R.[304.207](T,22.002)EGDGVYTLNNE(K,304.207).Q",0.0
healthy_vs_infected,"R.{243.141}[304.207]TEGDGVYTLNNE(K,304.207)QWIN.K",0.0
healthy_vs_infected,"T.[201.068]EGDGVYTLNNE(K,304.207).Q",0.0
healthy_vs_infected,"K.[304.207]GSFP(W,-115.074)QA(K,304.207).M",0.0
healthy_vs_infected,"R.[304.207]TEGDGVYTLNNE(K,304.207).Q",0.0
healthy_vs_infected,"R.[304.207]TEGDGVYTLN(N,-18.004)E.K",0.0
healthy_vs_infected,"K.[304.207](L,35.028)RTEGDGVYTLNNE(K,304.207).Q",0.0
healthy_vs_infected,"R.[304.207]TEGDGVY(T,304.213)LNNE(K,304.207).Q",0.0
healthy_vs_infected,"R.[304.207]TEGDGVYTL(N,-17.024)N.E",0.0
healthy_vs_infected,"R.[304.207]TEGDGVY(T,-18.021)LNNE(K,304.207).Q",0.0
healthy_vs_infected,"R.[304.207]V(M,-17.943)PI(C,57.021)LPS(K,304.207)DYAEVGR.V",0.0
healthy_vs_infected,"R.[304.207]V(M,-27.579)PI(C,57.021)LPS(K,304.207)DYAEVGR.V",0.0
healthy_vs_infected,"K.[304.207]YVMLPVADQD(Q,-18.006).C",0.0
healthy_vs_infected,"K.[304.207]YVMLPVAD(Q,53.985)DQ(C,57.021)IR.H",0.0
healthy_vs_infected,"P.[242.099]VGVQPILNEHTF(C,57.021)AGMS(K,304.207).Y",0.0
healthy_vs_infected,"R.[304.207]VM(P,24.53)I(C,57.021)LPS(K,304.207).N",0.0
healthy_vs_infected,"R.[304.207]VMPI(C,57.021)LP(S,-18.007)(K,304.207).N",0.0
healthy_vs_infected,"R.[304.207]HYEGSTVPE(K,361.235)(K,304.207).T",0.0
healthy_vs_infected,"K.[304.207]LPE(C,57.021)EAV(C,57.021)G(K,286.201).P",0.0
healthy_vs_infected,"R.[304.207](H,26.023)YEGSTVPE(K,304.207)(K,304.207).T",0.0
healthy_vs_infected,"R.[304.207]HYEGSTVP(E,-2.009)(K,304.207)(K,304.207).T",0.0
healthy_vs_infected,"R.[304.207]HYEG(S,-18.005)TVPE(K,304.207)(K,304.207).T",0.0
healthy_vs_infected,"P.[304.207](K,197.073)NPANPVQ.R",0.0
healthy_vs_infected,"K.[304.207]AVGD(K,304.207)LPE(C,109.938)EAV(C,57.021)G(K,304.207).P",0.0
healthy_vs_infected,"K.[304.207]AVGD(K,304.207)LPE(C,57.021)EAV(C,57.021)G(K,286.2).P",0.0
healthy_vs_infected,"K.[304.207]AVGD(K,304.207)LPE(C,57.021)EAV(C,15.334)G(K,304.207).P",0.0
healthy_vs_infected,"K.[304.207]AVGD(K,304.207)LPE(C,57.021)EAV(C,-30.946)G(K,304.207).P",0.0
healthy_vs_infected,"K.[304.207]LPE(C,57.021)EAV(C,109.939)G(K,304.207)P(K,304.207).N",0.0
healthy_vs_infected,"I.[193.097]RHYEGSTVPE(K,304.207)(K,304.207).T",0.0
healthy_vs_infected,A.[304.207]VDSGNDVTD.I,0.0
healthy_vs_infected,"A.[304.207]VDSGNDVTDIADDG(C,57.021)P(K,304.207)PPEIAH.G",0.0
healthy_vs_infected,"A.[304.207]VDSGNDVTDIADDG(C,57.021)P(K,304.207)PPEIAHG(Y,57.025)VEHSVR.Y",0.0
healthy_vs_infected,"A.{30.997}[304.207]VDSGNDVTDIADDG(C,57.021)P(K,304.207)PPEIAHGYVEHSVR.Y",0.0
healthy_vs_infected,"R.[304.207]TEGDGV(Y,32.016)TLND(K,304.207)(K,304.207).Q",0.0
healthy_vs_infected,"R.[304.207](T,22.008)EGDGVYTLND(K,304.207)(K,304.207).Q",0.0
healthy_vs_infected,"R.[304.207]TEGDGVYTL(N,16)D(K,304.207)(K,304.207).Q",0.0
healthy_vs_infected,"R.[304.207]TEGDGVY(T,-18.016)LND(K,304.207)(K,304.207).Q",0.0
healthy_vs_infected,"R.{14.014}[304.207]TEGDGVYTLNNE(K,304.207).Q",0.0
healthy_vs_infected,"R.[304.207]TEGDGV(Y,52.918)TLND(K,304.207).K",0.0
healthy_vs_infected,"R.[304.207]TEGDGVYT(L,54.761)ND(K,304.207)(K,304.207)QWIN(K,304.207).A",0.0
healthy_vs_infected,"K.[207.421]LPE(C,57.021)EADDG(C,57.021)P(K,304.207)PPEIAHGYVEHSVR.Y",0.0
healthy_vs_infected,"R.[304.207]TEGDGVYTL(N,0.984)D(K,304.207)(K,304.207).Q",0.0
healthy_vs_infected,"R.[304.207]TEGDGVYTLND(K,304.207)(K,304.207).Q",0.0
healthy_vs_infected,"R.[304.207]TEGDGVYTL(N,52.911)D(K,304.207)(K,304.207).Q",0.0
healthy_vs_infected,"R.[304.207]TEGDGVYTLND(K,246.142)(K,304.207).Q",0.0
healthy_vs_infected,"K.[304.207](L,55.408)RTEGDGVYTLND(K,304.207).K",0.0
healthy_vs_infected,"K.[304.207](L,35.953)RTEGDGVYTLND(K,304.207).K",0.0
healthy_vs_infected,"K.[304.207](L,35.029)RTEGDGVYTLND(K,304.207).K",0.0
healthy_vs_infected,"R.[304.207]TEGDGVYT(L,-16.556)NNE(K,304.207).Q",0.0
healthy_vs_infected,"K.[304.207]AVGD(K,304.207)LPE(C,73.027)EAV(C,57.021)G(K,304.207).P",0.0
healthy_vs_infected,"K.[304.207]GSFP(W,29.98)QA(K,304.207).M",0.0
healthy_vs_infected,"K.[304.207]GSFPW(Q,21.978)A(K,304.207).M",0.0
healthy_vs_infected,"K.{14.948}[304.207]GSFPWQA(K,304.207).M",0.0
healthy_vs_infected,"K.[304.207]GSF(P,-4.028)WQA(K,304.207).M",0.0
healthy_vs_infected,"K.[304.207]GSFP(W,16.002)QA(K,304.207).M",0.0
healthy_vs_infected,"D.[301.094]G(C,57.021)P(K,304.207)PPEIAHGYVEHSVR.Y",0.0
healthy_vs_infected,A.{17.030}[304.207]VDSGNDVTD.I,0.0
healthy_vs_infected,"K.[304.207]QITASSF(K,304.207).K",0.0
healthy_vs_infected,"R.[304.207]LLIYDASS(R,56.042)ATGIPDR.F",0.0
healthy_vs_infected,"K.[304.207]GSEMVVAG(K,285.635).L",0.0
healthy_vs_infected,"K.{177.097}[304.207]AEAQAQYSAAVA(K,304.207).G",0.0
healthy_vs_infected,"K.[304.207]AEAQAQYSAAV(A,175.513)(K,304.207).G",0.0
healthy_vs_infected,"K.[304.207]VSDIRPGSDPT(K,304.207)PDATLVV(K,304.207).N",0.0
healthy_vs_infected,"R.[304.207]TEGDGVYTL(N,-17.02)D(K,304.207).K",0.0
healthy_vs_infected,"R.[304.207]TEGDGVY(T,-36.022)L.N",0.0
healthy_vs_infected,"R.[304.207]TEGDGVY(T,-18.002).L",0.0
healthy_vs_infected,"R.[304.207]FLHVPD(T,304.218)FEGHFDGVPVIS(K,304.207).G",0.0
healthy_vs_infected,"K.[304.207]SDVVYTD(W,-46.003).K",0.0
healthy_vs_infected,"K.[304.207]SDVVY(T,52.916)DW(K,304.207)(K,304.207).D",0.0
healthy_vs_infected,"K.[304.207]SDVVYTD(W,51.854)(K,304.207)(K,304.207)D(K,304.207)(C,57.021)EPL.E",0.0
healthy_vs_infected,"K.[304.207]SDVVYT(D,205.983)W(K,304.207)(K,304.207)D(K,304.207).C",0.0
healthy_vs_infected,"K.{52.915}[304.207]SDVVYTDW(K,304.207).K",0.0
healthy_vs_infected,"K.{52.917}[304.207]VQPYLDDFQ(K,304.207)(K,304.207).W",0.0
healthy_vs_infected,"K.[304.207]LLDNWD(S,43.967)VTSTFS(K,304.207).L",0.0
healthy_vs_infected,"K.[304.207]LLDNWDS(V,34.055)TSTFS(K,304.207).L",0.0
healthy_vs_infected,"R.{37.968}[304.207]VMPI(C,57.021)LPS(K,304.207)DYAEVGR.V",0.0
healthy_vs_infected,"R.[304.207]V(K,304.207)DLATVYVDVL(K,304.207)DSGR.D",0.0
healthy_vs_infected,"R.[304.207]DYVSQFEG(S,-18.009)A.L",0.0
healthy_vs_infected,"R.[304.207]EYSGTIASEA(N,53.902)TYLNS(K,304.207).S",0.0
healthy_vs_infected,"K.{52.915}[304.207]ADRDQYELL(C,57.021)LDNTR.K",0.0
healthy_vs_infected,"K.[304.207]ADRD(Q,37.955)YELL(C,57.021)LDNTR.K",0.0
healthy_vs_infected,"K.{89.979}[304.207]QSFDLSV(K,304.207).A",0.0
healthy_vs_infected,"K.{62.964}[304.207]QSFDLSV(K,304.207).A",0.0
healthy_vs_infected,"R.[304.207]FDEFFSEG(C,377.232)APGS(K,304.207).K",0.0
healthy_vs_infected,"R.[304.207]ILGGHLDA(K,304.207).G",0.0
healthy_vs_infected,"R.[304.207]QE(M,-48.001)S(K,304.207)DLEEV(K,304.207).A",0.0
healthy_vs_infected,"K.[304.207]NWGLSVYAD(K,326.194)PETT(K,304.207).E",0.0
healthy_vs_infected,"R.[304.207]QQQHLF(G,304.219)SNVTD(C,57.021)SGNF(C,57.021)LFR.S",0.0
healthy_vs_infected,"K.{304.184}[304.207]AHYGGFTVQNEAN(K,304.207).Y",0.0
healthy_vs_infected,"K.{30.994}[304.207]NLNE(K,304.207)DYELL(C,57.021)LDGTR.K",0.0
healthy_vs_infected,"R.[304.207](K,304.207)(P,37.954)VEEYAN(C,57.021)HLAR.A",0.0
healthy_vs_infected,"R.[304.207](A,-2.015)PNHAVVTR.K",0.0
healthy_vs_infected,"K.[304.207](H,99.018)QTVPQNTGG(K,304.207).N",0.0
healthy_vs_infected,"R.[304.207]FDEFFSEG(C,57.021)APGS(K,361.231)(K,304.207).D",0.0
healthy_vs_infected,"K.[304.207]SDVV(Y,44.994)TDW(K,304.207)(K,304.207).D",0.0
healthy_vs_infected,"K.[304.207]SDVVYTD(W,43.971)(K,304.207).K",0.0
healthy_vs_infected,"K.[304.207]SDVVYTD(W,21.987)(K,304.207).K",0.0
healthy_vs_infected,"K.[304.207]SDVVYTD(W,15.999)(K,304.207).K",0.0
healthy_vs_infected,"K.[304.207]SDVVYTDW(K,207.037)(K,304.207)D(K,304.207).C",0.0
healthy_vs_infected,"R.[304.207](D,-2.01)DTV(C,57.021)LA(K,304.207).L",0.0
healthy_vs_infected,"R.[304.207](K,304.207)(C,57.021)STS(S,304.211)LLEA(C,57.021)TFR.R",0.0
healthy_vs_infected,"D.[215.050]LLFRDDTV(C,57.021)LA(K,304.207).L",0.0
healthy_vs_infected,"K.[304.207]QSFDLSV(K,304.207).A",0.0
healthy_vs_infected,"R.[304.207]DYVSQF(E,100.023)GSALG(K,304.207).Q",0.0
healthy_vs_infected,"K.{52.918}[304.207]L(C,57.021)MGSGLNL(C,57.021)EPNN(K,304.207).E",0.0
healthy_vs_infected,"K.[304.207](K,304.207)QLVEIE(K,304.207).V",0.0
healthy_vs_infected,"R.[304.207]VGYVS(G,13.001)WGR.N",0.0
healthy_vs_infected,"R.[304.207]VGYVS(G,12.005)WGR.N",0.0
healthy_vs_infected,"K.[304.207]DYAEVGRVGYVS(G,151.106)WGR.N",0.0
healthy_vs_infected,"K.[304.207](Y,44.986)VMLPVADQDQ(C,57.021)IR.H",0.0
healthy_vs_infected,"V.[304.207]NE(R,20.517)VMPI(C,57.021)LPS(K,304.207)DYAEVGR.V",0.0
healthy_vs_infected,"K.[304.207]YVMLPVADQDQ(C,39.015)I.R",0.0
healthy_vs_infected,"R.[304.207](V,104.487)MPI(C,57.021)LPS(K,304.207)DYAEVGR.V",0.0
healthy_vs_infected,"R.[304.207]ILGGHLDA(K,286.192).G",0.0
healthy_vs_infected,"K.[304.207]YVMLPV(A,43.965)DQDQ(C,57.021)IR.H",0.0
healthy_vs_infected,"K.[304.207]YV(M,33.027)LPVADQDQ(C,57.021)IR.H",0.0
healthy_vs_infected,"R.[304.207]VGYVSGW(G,72.037)R.N",0.0
healthy_vs_infected,"R.[304.207]VGYVSG(W,15.997)GR.N",0.0
healthy_vs_infected,"K.[304.207]LP(E,15.014)(C,57.021)EAV(C,57.021)G(K,304.207)P(K,304.207).N",0.0
healthy_vs_infected,"K.[304.207]LPE(C,57.021)EAV(C,-37.128)G(K,304.207)P(K,304.207).N",0.0
healthy_vs_infected,"K.[304.207]AVGD(K,304.207)LPE(C,79.006)EAV(C,57.021)G(K,304.207).P",0.0
healthy_vs_infected,"-.[304.207](V,43.006)MPI(C,57.021)LPS(K,304.207)DYAEVGR.V",0.0
healthy_vs_infected,"R.[304.207]V(M,15.995)PI(C,57.021)LPS(K,304.207)DYAEVGR.V",0.0
healthy_vs_infected,"K.{52.914}[304.207]YVMLPVADQDQ(C,57.021)IR.H",0.0
healthy_vs_infected,"R.{291.173}[304.207]ILGGHLDA(K,304.207).G",0.0
healthy_vs_infected,"R.[304.207](I,180.737)LGGHLDA(K,304.207).G",0.0
healthy_vs_infected,"K.[304.207]AVGD(K,304.207)LPE(C,78.004)EAV(C,57.021)G(K,304.207)P(K,304.207).N",0.0
healthy_vs_infected,"K.[304.207]AVGD(K,304.207)L(P,14.018)E(C,57.021)EAV(C,57.021)G(K,304.207)P(K,304.207).N",0.0
healthy_vs_infected,"K.[304.207]AVGD(K,304.207)LPE(C,57.021)EAV(C,57.021)G(K,304.207)P(K,304.207).N",0.0
healthy_vs_infected,"K.[304.207]LPE(C,57.021)EAV(C,57.021)(G,185.121)(K,304.207)P.K",0.0
healthy_vs_infected,"K.[304.207]QLVEIE(K,262.164)V.V",0.0
healthy_vs_infected,"K.[304.207]VVLHPNYSQVDIGLI(K,235.542).L",0.0
healthy_vs_infected,"K.[304.207]VVLHPNYSQVD(I,21.989)GLI(K,304.207).L",0.0
healthy_vs_infected,"K.[304.207]DIAPTLT(L,4.949)YVG(K,304.207)(K,304.207)QLVEIE.K",0.0
healthy_vs_infected,"K.[304.207]VVLHPN(Y,-92.289)SQVDIGLI(K,304.207).L",0.0
healthy_vs_infected,"K.[304.207]DIAPTLTLYVG(K,304.207)(K,304.207)QLVEIE(K,304.207)VVLHPNYSQ.V",0.0
healthy_vs_infected,"I.[304.207]E(K,304.207)VVLHPNYSQVDIGLI(K,304.207).L",0.0
healthy_vs_infected,"P.[304.207](W,23.434)QA(K,304.207)MVSHHNLTTGATLINEQWLLTTA(K,304.207).N",0.0
healthy_vs_infected,"K.[304.207]DIAPTLTL(Y,-19.688).V",0.0
healthy_vs_infected,"K.[304.207]DIAPTL(T,-18.009)L.Y",0.0
healthy_vs_infected,"K.[304.207]DIAPT(L,304.214)TLYVG(K,304.207).K",0.0
healthy_vs_infected,"K.[304.207]DIA(P,52.918)TLTLYVG(K,304.207).K",0.0
healthy_vs_infected,"K.[304.207]DIAPT(L,43.97)TLYVG(K,304.207).K",0.0
healthy_vs_infected,"K.[304.207]VVLHPNYSQVDIGLI(K,304.207).L",0.0
healthy_vs_infected,"K.[304.207](C,57.021)(C,57.021)AAADPHE(C,57.021)YA(K,304.207)V(F,-57.9)DE.F",0.0
healthy_vs_infected,"K.[304.207]QN(C,125.933)ELFEQLGEY(K,304.207).F",0.0
healthy_vs_infected,"K.[304.207]VTSIQD(W,278.042)VQ(K,304.207).T",0.0
healthy_vs_infected,"K.[304.207]VTSIQDW(V,-18.008)Q.K",0.0
healthy_vs_infected,"K.[304.207]VTSIQD(W,85.957)VQ(K,304.207).T",0.0
healthy_vs_infected,"L.[304.207]VRY(T,50.96)(K,304.207)(K,304.207)VPQVSTPTLVEVSR.N",0.0
healthy_vs_infected,"K.{24.986}[304.207]QN(C,57.021)ELFEQLGEY(K,304.207).F",0.0
healthy_vs_infected,"K.[304.207]VFDEF(K,304.207)PLVE(E,44.93)PQNLI(K,304.207).Q",0.0
healthy_vs_infected,"T.[201.069]EGDGVYTLND(K,304.207)(K,304.207).Q",0.0
healthy_vs_infected,"K.[304.207]NQVSLT(C,57.021)(L,-18.983).V",0.0
healthy_vs_infected,"K.[304.207]FNWYVDGV(E,156.11)VHNA(K,304.207).T",0.0
healthy_vs_infected,"K.[304.207]S(C,57.021)AVAEYGV(Y,-46.969)V(K,304.207)VT.S",0.0
healthy_vs_infected,"K.[304.207]S(C,57.021)AV(A,37.95)EYGVYV(K,304.207).V",0.0
healthy_vs_infected,"K.[304.207]S(C,57.021)AVAEYG(V,21.985)YV(K,304.207).V",0.0
healthy_vs_infected,"K.[304.207]S(C,73.02)AVAEYGVYV(K,304.207).V",0.0
healthy_vs_infected,"K.[304.207]AE(F,37.951)AEVS(K,304.207).L",0.0
healthy_vs_infected,"K.[304.207]YI(C,57.021)ENQDS(I,100.02)SS(K,304.207).L",0.0
healthy_vs_infected,"K.[304.207](Y,26.97)I(C,57.021)ENQDSISS(K,304.207).L",0.0
healthy_vs_infected,"K.[304.207]TTPPMLD(S,52.998)DGSFFLYS(K,304.207).L",0.0
healthy_vs_infected,"R.[304.207]RP(C,57.021)FSALEVDET(Y,25.691)V.P",0.0
healthy_vs_infected,"K.[304.207]AVMDD(F,14.909)AAFVE(K,304.207).C",0.0
healthy_vs_infected,"A.[304.207](V,23.038)MDDFAAFVE(K,304.207).C",0.0
healthy_vs_infected,"R.[304.207]RP(C,57.021)FSALEVDETYVP(K,304.207)EFNAETFTFHADI(C,57.021)TLSE.K",0.0
healthy_vs_infected,"K.{300.207}[304.207]EFNAETFTFHADI(C,57.021)TLSE(K,304.207)ER.Q",0.0
healthy_vs_infected,"K.[304.207](K,304.207)QTALVELV(K,514.803)H(K,304.207).P",0.0
healthy_vs_infected,"K.[304.207]LVAASQAAL(G,55.917)L.-",0.0
healthy_vs_infected,"K.[304.207](K,375.249)VPQVSTPTLVEVSR.N",0.0
healthy_vs_infected,"K.[304.207]QN(C,57.021)ELFEQLGEY(K,304.207)(F,-27.908)QNA.L",0.0
healthy_vs_infected,"K.[304.207]VPQV(S,-19.996)TPTLVEVSR.N",0.0
healthy_vs_infected,"N.[304.207](C,74.051)ELFEQLGEY(K,304.207).F",0.0
healthy_vs_infected,"C.[304.207](C,57.021)(A,3.917)AADPHE(C,57.021)YA(K,304.207).V",0.0
healthy_vs_infected,"F.[304.207](D,-30.07)EF(K,304.207)PLVEEPQNLI(K,304.207).Q",0.0
healthy_vs_infected,"K.{39.998}[304.207]VFDEF(K,304.207)PLVEEPQNLI(K,304.207).Q",0.0
healthy_vs_infected,"K.[304.207]VFDEF(K,304.207)PLVEEP(Q,-64.507)NLI(K,304.207).Q",0.0
healthy_vs_infected,"K.[304.207]VFDEF(K,304.207)PLVEE(P,-22.199)Q.N",0.0
healthy_vs_infected,"K.{202.171}[304.207]VFDEF(K,304.207)PLVEE.P",0.0
healthy_vs_infected,"K.[304.207]VFDEF(K,227.165)PLVEEPQNLI(K,304.207).Q",0.0
healthy_vs_infected,"K.[304.207](K,304.207)VPQ(V,56.914)STPTLVEVSR.N",0.0
healthy_vs_infected,"R.[304.207]EYSGTIASE(A,22.97)NTYLNS(K,304.207).S",0.0
healthy_vs_infected,"R.[304.207]LA(K,304.207)TYETTLE(K,304.207).C",0.0
healthy_vs_infected,"R.[304.207]RHPDY(S,100.02)VVLLLR.L",0.0
healthy_vs_infected,"K.[304.207]SH(C,57.021)IAEVENDE(M,331.16)PADLPSLAADFVES(K,304.207).D",0.0
healthy_vs_infected,"K.[304.207]SH(C,57.021)IAEVEND(E,156.044)MPADLPSLAADFVES(K,304.207).D",0.0
healthy_vs_infected,"K.[304.207]ATVLNY(L,-50.038)P(K,304.207).C",0.0
healthy_vs_infected,"Q.[304.207](H,25.905)PFTVEEFVLP(K,304.207).F",0.0
healthy_vs_infected,"R.[304.207]SSQSLL(H,94.171)SN.G",0.0
healthy_vs_infected,"K.[304.207]YI(C,57.021)ENQDSISS(K,304.207)(L,-52.941)(K,304.207)E(C,57.021)(C,57.021).E",0.0
healthy_vs_infected,"A.[304.207]HTDLSG(K,304.207)VFVFPR.E",0.0
healthy_vs_infected,"T.[216.073]SGGTAALG(C,57.021)LV(K,304.207).D",0.0
healthy_vs_infected,R.[304.207]SDGSENFNR.G,0.0
healthy_vs_infected,"K.[304.207]VLGAF(S,304.213)DGLAHLDNL(K,304.207).G",0.0
healthy_vs_infected,"C.{51.115}[304.207]TTPPPSSGPTYQ(C,57.021)L(K,304.207).G",0.0
healthy_vs_infected,"R.[304.207](C,57.021)TTPPP(S,100.02)SGPTYQ(C,57.021)L(K,304.207).G",0.0
healthy_vs_infected,"K.[304.207]S(C,57.021)EVVSV(C,57.021)LPLNLDT(K,304.207).Y",0.0
healthy_vs_infected,R.[304.207]QSTNAYPDLR.S,0.0
healthy_vs_infected,"R.[304.207]FTVETPD(K,304.207).N",0.0
healthy_vs_infected,"R.[304.207]QGYFVEAQP(K,178.07).I",0.0
healthy_vs_infected,"R.[304.207](A,45.999)DLA(K,304.207)YI(C,57.021)ENQDSISS(K,304.207).L",0.0
healthy_vs_infected,"K.[304.207]L(K,304.207)E(C,57.021)(C,57.021)E(K,304.207)PLLE(K,304.207).S",0.0
healthy_vs_infected,"K.[304.207]YI(C,57.021)ENQDSISS(K,413.192)L(K,304.207).E",0.0
healthy_vs_infected,"K.[304.207]VHTE(C,57.021)(C,57.021)HGDLLE(C,57.021)ADDRADL(A,156.096).K",0.0
healthy_vs_infected,"C.[304.207](C,77.604)HGDLLE(C,57.021)ADDRADLA(K,304.207).Y",0.0
healthy_vs_infected,"H.{316.860}[304.207]GDLLE(C,57.021)ADDRADLA(K,304.207).Y",0.0
healthy_vs_infected,"K.[304.207]YI(C,57.021)ENQDSISS(K,460.317).L",0.0
healthy_vs_infected,"K.{64.924}[304.207]AEFAEVS(K,304.207).L",0.0
healthy_vs_infected,"K.[304.207]SH(C,57.021)IAEVENDEMPAD(L,-18.008)PSLAADFV.E",0.0
healthy_vs_infected,"K.[304.207]SH(C,57.021)IAEVEND(E,114.032)MPADLPSLAADFVES(K,304.207).D",0.0
healthy_vs_infected,"K.[304.207]TYETTLE(K,244.127).C",0.0
healthy_vs_infected,"K.[304.207]TYETTLE(K,304.207)(C,89.218)(C,57.021)AAADPH.E",0.0
healthy_vs_infected,"K.[304.207](E,269.182)(C,57.021)(C,57.021)E(K,304.207)PLLE(K,304.207).S",0.0
healthy_vs_infected,"R.[304.207](A,272.187)DLA(K,304.207)YI(C,57.021)ENQDSISS(K,304.207).L",0.0
healthy_vs_infected,"K.[304.207]AEFAEVS(K,304.207).L",0.0
healthy_vs_infected,"H.[304.207](T,-40.078)E(C,57.021)(C,57.021)HGDLLE(C,57.021)ADDRADLA(K,304.207).Y",0.0
healthy_vs_infected,"K.[304.207]QN(C,57.021)ELFEQLGEY(K,304.207)(F,-3.944)QN.A",0.0
healthy_vs_infected,"R.[304.207]LA(K,304.207)T(Y,21.986)ETTLE(K,304.207).C",0.0
healthy_vs_infected,"K.[304.207]AEFAE(V,22.957)S(K,304.207).L",0.0
healthy_vs_infected,"K.{33.961}[304.207]VTSIQDWVQ(K,304.207).T",0.0
healthy_vs_infected,"K.{32.885}[304.207]VTSIQDWVQ(K,304.207).T",0.0
healthy_vs_infected,R.[304.207]EEHRIPER.S,0.0
healthy_vs_infected,"K.[304.207]EHLVQA(T,304.214)PENLQEAR.T",0.0
healthy_vs_infected,R.[304.207]QSVEADINGLR.R,0.0
healthy_vs_infected,"K.[304.207](R,-46.751)YSPSL(K,304.207)SR.L",0.0
healthy_vs_infected,"K.[304.207]D(K,304.207)GEYTLVV(K,304.207).W",0.0
healthy_vs_infected,"K.[304.207]VGVETT(K,304.207)PS(K,304.207).Q",0.0
healthy_vs_infected,"K.{71.957}[304.207]AVMDDFAAFVE(K,304.207).C",0.0
healthy_vs_infected,"R.[304.207]GVAHNNLMAMAQETGDNLY(W,-30.735)GSVTGSQSNAVSP.T",0.0
healthy_vs_infected,"K.[304.207]AV(M,44.037)DDFAAFVE(K,304.207).C",0.0
healthy_vs_infected,"K.[304.207]AVMD(D,15.027)FAAFVE(K,304.207).C",0.0
healthy_vs_infected,"R.[304.207]RP(C,57.021)FSALEVDET(Y,14.996)VP(K,304.207).E",0.0
healthy_vs_infected,"K.[249.172]AVMDDFAAFVE(K,304.207).C",0.0
healthy_vs_infected,"K.[304.207]AVMDDFAA(F,268.232)VE.K",0.0
healthy_vs_infected,"K.[304.207]QTALVELV(K,229.166).H",0.0
healthy_vs_infected,"K.[304.207](K,304.207)QTALVELV(K,304.207).H",0.0
healthy_vs_infected,"Q.[243.090]TALVELV(K,304.207).H",0.0
healthy_vs_infected,"K.[304.207]TFT(C,57.021)(T,304.19)AAYPES(K,304.207).T",0.0
healthy_vs_infected,"K.[304.207]SPVGVQPILNEHTF(C,57.021)AGMS(K,304.207).Y",0.0
healthy_vs_infected,"K.[304.207]SPVGVQPILNEHTF(C,57.021)AG(M,326.102)S(K,304.207).Y",0.0
healthy_vs_infected,"K.[304.207]SPVGVQPI(L,52.906)NEHTF(C,57.021)AGMS(K,304.207).Y",0.0
healthy_vs_infected,"K.[304.207]SPVGVQPILNEH(T,21.986)F(C,57.021)AGMS(K,304.207).Y",0.0
healthy_vs_infected,"K.[304.207]SPVGVQPILNEHTF(C,57.021)AG(M,-47.994)S(K,304.207).Y",0.0
healthy_vs_infected,"I.[210.144]LNEHTF(C,57.021)AGMS(K,304.207).Y",0.0
healthy_vs_infected,"K.[304.207]SPVGVQPILNEHTF(C,57.021)AG(M,-33.004)S(K,304.207)YQE.D",0.0
healthy_vs_infected,"K.[304.207]VTSIQD(W,28.984)VQ(K,304.207).T",0.0
healthy_vs_infected,"K.[304.207]VTSIQD(W,34.955)VQ(K,304.207).T",0.0
healthy_vs_infected,"K.[246.143]VTSIQDWVQ(K,304.207).T",0.0
healthy_vs_infected,"K.[304.207]VTSI(Q,55.915)DWVQ(K,304.207).T",0.0
healthy_vs_infected,"K.{52.911}[304.207]VTSIQDWVQ(K,304.207).T",0.0
healthy_vs_infected,"K.[304.207]VTSIQD(W,84.01)VQ(K,304.207).T",0.0
healthy_vs_infected,"K.[304.207]VTSIQD(W,-2.008)VQ(K,304.207).T",0.0
healthy_vs_infected,"K.[304.207]AGVETT(K,449.16)PS(K,304.207)QSNN(K,304.207).Y",0.0
healthy_vs_infected,"K.[304.207]AGVETT(K,246.086)PS(K,304.207).Q",0.0
healthy_vs_infected,"K.[304.207]AGVETT(K,304.207)PS(K,304.207)QSNN(K,304.207)YAASSY.L",0.0
healthy_vs_infected,"K.[304.207]VTSIQDW(V,37.981)Q(K,304.207).T",0.0
healthy_vs_infected,"K.[304.207]VTSIQD(W,16.489)VQ(K,304.207).T",0.0
healthy_vs_infected,"K.[304.207](W,-1.999)FYIASAFR.N",0.0
healthy_vs_infected,"R.[252.187]THYVDSV(K,304.207).R",0.0
healthy_vs_infected,K.{173.089}[304.207]DGAGDVAF.V,0.0
healthy_vs_infected,"K.[304.207]ITGFL(K,304.207)PG(K,304.207).V",0.0
healthy_vs_infected,"R.[304.207]ATAQ(M,15.995)LEVMF(K,304.207).G",0.0
healthy_vs_infected,"F.[304.207](A,-14.012)HTDLSG(K,304.207).V",0.0
healthy_vs_infected,"R.[304.207]SDFSNEE(R,15.015).F",0.0
healthy_vs_infected,"R.[304.207](C,57.021)S(M,15.995)DDSAGPR.S",0.0
healthy_vs_infected,"Q.[242.096]TALVELV(K,304.207).H",0.0
healthy_vs_infected,"K.[304.207]EAIFQDT(M,15.997)R.K",0.0
healthy_vs_infected,"S.[304.207]LELLSYEESQ(K,304.207).S",0.0
healthy_vs_infected,R.[304.207]QGVDADINGLR.Q,0.0
healthy_vs_infected,"P.[304.207]TSAHGNVAEGET(K,304.207)PDPDVTER.C",0.0
healthy_vs_infected,"K.[304.207]LVAASQAA(L,19.477)GL.-",0.0
healthy_vs_infected,"D.[304.207](K,329.089)ET(C,57.021)FAEEG(K,304.207)(K,304.207).L",0.0
healthy_vs_infected,"K.[304.207]LVAA(S,100.022)QAALGL.-",0.0
healthy_vs_infected,"K.[304.207]ADD(K,304.207)ET(C,57.021)FAE(E,273.165)G(K,304.207).K",0.0
healthy_vs_infected,"K.[304.207]ADD(K,304.207)ET(C,57.021)FAEE(G,271.17)(K,304.207).K",0.0
healthy_vs_infected,"R.[304.207](C,57.021)SMDDSAGPR.S",0.0
healthy_vs_infected,"K.[304.207](K,376.224)QTALVELV(K,304.207).H",0.0
healthy_vs_infected,"K.[304.207]AVMDDFAAFV(E,156.11)(K,304.207).C",0.0
healthy_vs_infected,"K.[304.207]QTALVELV(K,180.647)H(K,304.207).P",0.0
healthy_vs_infected,"K.{55.992}[304.207]AVMDDFAAFVE(K,304.207).C",0.0
healthy_vs_infected,"K.[304.207]QTALVELV(K,331.172).H",0.0
healthy_vs_infected,"K.[304.207]EFNAETFTF(H,331.249)ADI(C,57.021)TLSE(K,304.207).E",0.0
healthy_vs_infected,"K.[304.207]EFNAETFT(F,326.225)HADI(C,57.021)TLSE(K,304.207).E",0.0
healthy_vs_infected,"K.[304.207]AVMDDFAAFVE(K,304.207)(C,169.269)(C,57.021).K",0.0
healthy_vs_infected,"K.[304.207]QTALVELV(K,230.112).H",0.0
healthy_vs_infected,"K.[304.207](N,-25.883)WGLSFYAD(K,304.207)PETT(K,304.207).E",0.0
healthy_vs_infected,"K.[304.207]EFNAETFTFHAD(I,52.121)(C,57.021)TLSE(K,304.207).E",0.0
healthy_vs_infected,"Q.[304.207](T,-30.123)ALVELV(K,304.207).H",0.0
healthy_vs_infected,"P.[225.118]ILNEHTF(C,57.021)AGMS(K,304.207).Y",0.0
healthy_vs_infected,"K.[304.207]SPVGVQPILNEHTF(C,57.021)AG(M,16.988)S(K,304.207).Y",0.0
healthy_vs_infected,"K.[304.207](S,14.021)PVGVQPILNEHTF(C,57.021)AGMS(K,304.207).Y",0.0
healthy_vs_infected,"K.[304.207]SPVGVQPILNEHTF(C,57.021)AG(M,-32.002)S(K,304.207).Y",0.0
healthy_vs_infected,"R.[304.207]LLVVYPWTQR(F,10.074)F.D",0.0
healthy_vs_infected,"K.[304.207]AV(M,15.995)DDFAAFVE(K,304.207).C",0.0
healthy_vs_infected,"D.{50.161}[304.207]YLSVVLNQL(C,57.021)VLHE(K,304.207).T",0.0
healthy_vs_infected,"K.[218.108]QTALVELV(K,304.207).H",0.0
